Key*,LULC,rmax,rmaxSD,K,KSD,TOF
1,SSA_Tropical rainforest_No Data,0,0,80,117,1
2,SSA_Tropical rainforest_Shrubs,0.26,0.2,117,26,0
3,SSA_Tropical rainforest_Herbaceous vegetation,0,0,35,29,1
4,SSA_Tropical rainforest_Agriculture,0,0,33,17,1
5,SSA_Tropical rainforest_Urban built up,0,0,41,20,1
6,SSA_Tropical rainforest_Bare sparse vegetation,0,0,13,13,1
7,SSA_Tropical rainforest_Permanent water bodies,0,0,56,56,1
8,SSA_Tropical rainforest_Herbaceous wetland,0,0,63,52,1
9,SSA_Tropical rainforest_Closed forest evergreen broad leaf,0.1,0.08,296,15,0
10,SSA_Tropical rainforest_Closed forest deciduous broad leaf,0.18,0.14,173,20,0
11,SSA_Tropical rainforest_Closed forest undefined,0.12,0.09,260,17,0
12,SSA_Tropical rainforest_Open forest evergreen broad leaf,0.22,0.17,137,31,0
13,SSA_Tropical rainforest_Open forest deciduous broad leaf,0.24,0.18,129,25,0
14,SSA_Tropical rainforest_Open forest undefined,0.22,0.17,136,34,0
15,SSA_Tropical rainforest_Oceans seas,0,0,54,52,1
16,SSA_Tropical moist forest_No Data,0,0,43,34,1
17,SSA_Tropical moist forest_Shrubs,0.18,0.06,66,14,0
18,SSA_Tropical moist forest_Herbaceous vegetation,0,0,27,19,1
19,SSA_Tropical moist forest_Agriculture,0,0,23,13,1
20,SSA_Tropical moist forest_Urban built up,0,0,27,14,1
21,SSA_Tropical moist forest_Bare sparse vegetation,0,0,19,16,1
22,SSA_Tropical moist forest_Permanent water bodies,0,0,20,20,1
23,SSA_Tropical moist forest_Herbaceous wetland,0,0,31,24,1
24,SSA_Tropical moist forest_Closed forest evergreen broad leaf,0.04,0.01,271,16,0
25,SSA_Tropical moist forest_Closed forest deciduous broad leaf,0.07,0.03,158,18,0
26,SSA_Tropical moist forest_Closed forest mixed,0.21,0.07,56,0,0
27,SSA_Tropical moist forest_Closed forest undefined,0.1,0.03,115,19,0
28,SSA_Tropical moist forest_Open forest evergreen broad leaf,0.12,0.04,95,15,0
29,SSA_Tropical moist forest_Open forest deciduous broad leaf,0.13,0.05,88,17,0
30,SSA_Tropical moist forest_Open forest mixed,0.18,0.06,66,2,0
31,SSA_Tropical moist forest_Open forest undefined,0.15,0.05,77,15,0
32,SSA_Tropical moist forest_Oceans seas,0,0,24,20,1
33,SSA_Tropical dry forest_No Data,0,0,2,0,1
34,SSA_Tropical dry forest_Shrubs,0.26,0.24,59,7,0
35,SSA_Tropical dry forest_Herbaceous vegetation,0,0,16,14,1
36,SSA_Tropical dry forest_Agriculture,0,0,18,12,1
37,SSA_Tropical dry forest_Urban built up,0,0,26,17,1
38,SSA_Tropical dry forest_Bare sparse vegetation,0,0,4,5,1
39,SSA_Tropical dry forest_Permanent water bodies,0,0,20,19,1
40,SSA_Tropical dry forest_Herbaceous wetland,0,0,29,22,1
41,SSA_Tropical dry forest_Closed forest evergreen broad leaf,0.07,0.06,217,12,0
42,SSA_Tropical dry forest_Closed forest deciduous broad leaf,0.14,0.13,110,19,0
43,SSA_Tropical dry forest_Closed forest mixed,0,0,26,12,1
44,SSA_Tropical dry forest_Closed forest undefined,0.1,0.09,150,33,0
45,SSA_Tropical dry forest_Open forest evergreen broad leaf,0.23,0.2,69,19,0
46,SSA_Tropical dry forest_Open forest deciduous broad leaf,0.21,0.19,73,6,0
47,SSA_Tropical dry forest_Open forest mixed,0,0,27,9,1
48,SSA_Tropical dry forest_Open forest undefined,0.22,0.2,71,7,0
49,SSA_Tropical dry forest_Oceans seas,0,0,33,35,1
50,SSA_Tropical shrubland_No Data,0,0,3,3,1
51,SSA_Tropical shrubland_Shrubs,0.05,0.05,72,6,0
52,SSA_Tropical shrubland_Herbaceous vegetation,0,0,8,9,1
53,SSA_Tropical shrubland_Agriculture,0,0,10,11,1
54,SSA_Tropical shrubland_Urban built up,0,0,16,13,1
55,SSA_Tropical shrubland_Bare sparse vegetation,0,0,4,8,1
56,SSA_Tropical shrubland_Permanent water bodies,0,0,13,16,1
57,SSA_Tropical shrubland_Herbaceous wetland,0,0,15,17,1
58,SSA_Tropical shrubland_Closed forest evergreen broad leaf,0.02,0.02,175,9,0
59,SSA_Tropical shrubland_Closed forest deciduous broad leaf,0.02,0.02,158,15,0
60,SSA_Tropical shrubland_Closed forest undefined,0.03,0.03,106,16,0
61,SSA_Tropical shrubland_Open forest deciduous broad leaf,0.04,0.03,99,21,0
62,SSA_Tropical shrubland_Open forest undefined,0.04,0.04,83,11,0
63,SSA_Tropical shrubland_Oceans seas,0,0,21,23,1
64,SSA_Tropical desert_No Data,0,0,2,1,1
65,SSA_Tropical desert_Shrubs,0,0,27,19,1
66,SSA_Tropical desert_Herbaceous vegetation,0,0,10,10,1
67,SSA_Tropical desert_Agriculture,0,0,12,10,1
68,SSA_Tropical desert_Urban built up,0,0,20,16,1
69,SSA_Tropical desert_Bare sparse vegetation,0,0,8,11,1
70,SSA_Tropical desert_Permanent water bodies,0,0,10,10,1
71,SSA_Tropical desert_Herbaceous wetland,0,0,20,16,1
72,SSA_Tropical desert_Closed forest deciduous broad leaf,0,0,90,22,1
73,SSA_Tropical desert_Closed forest undefined,0,0,38,22,1
74,SSA_Tropical desert_Open forest deciduous broad leaf,0,0,51,35,1
75,SSA_Tropical desert_Open forest undefined,0,0,38,24,1
76,SSA_Tropical desert_Oceans seas,0,0,7,11,1
77,SSA_Tropical mountain system_No Data,0,0,157,39,1
78,SSA_Tropical mountain system_Shrubs,0.29,0.35,77,22,0
79,SSA_Tropical mountain system_Herbaceous vegetation,0,0,27,25,1
80,SSA_Tropical mountain system_Agriculture,0,0,32,18,1
81,SSA_Tropical mountain system_Urban built up,0,0,40,23,1
82,SSA_Tropical mountain system_Bare sparse vegetation,0,0,22,21,1
83,SSA_Tropical mountain system_Snow and ice,0,0,49,47,1
84,SSA_Tropical mountain system_Permanent water bodies,0,0,25,20,1
85,SSA_Tropical mountain system_Herbaceous wetland,0,0,48,39,1
86,SSA_Tropical mountain system_Closed forest evergreen broad leaf,0.08,0.1,283,13,0
87,SSA_Tropical mountain system_Closed forest deciduous broad leaf,0.16,0.2,138,19,0
88,SSA_Tropical mountain system_Closed forest undefined,0.1,0.13,215,34,0
89,SSA_Tropical mountain system_Open forest evergreen broad leaf,0.11,0.13,202,14,0
90,SSA_Tropical mountain system_Open forest deciduous broad leaf,0.23,0.28,96,16,0
91,SSA_Tropical mountain system_Open forest undefined,0.2,0.25,110,31,0
92,SSA_Subtropical humid forest_Shrubs,0.14,0.12,74,10,0
93,SSA_Subtropical humid forest_Herbaceous vegetation,0,0,23,19,1
94,SSA_Subtropical humid forest_Agriculture,0,0,24,16,1
95,SSA_Subtropical humid forest_Urban built up,0,0,57,22,1
96,SSA_Subtropical humid forest_Bare sparse vegetation,0,0,14,14,1
97,SSA_Subtropical humid forest_Permanent water bodies,0,0,21,17,1
98,SSA_Subtropical humid forest_Herbaceous wetland,0,0,28,19,1
99,SSA_Subtropical humid forest_Closed forest evergreen broad leaf,0.08,0.07,126,6,0
100,SSA_Subtropical humid forest_Closed forest deciduous broad leaf,0.09,0.08,109,9,0
101,SSA_Subtropical humid forest_Closed forest mixed,0.1,0.09,101,2,0
102,SSA_Subtropical humid forest_Closed forest undefined,0.09,0.08,115,10,0
103,SSA_Subtropical humid forest_Open forest evergreen broad leaf,0,0,60,15,1
104,SSA_Subtropical humid forest_Open forest deciduous broad leaf,0.11,0.1,89,11,0
105,SSA_Subtropical humid forest_Open forest mixed,0.16,0.15,61,4,0
106,SSA_Subtropical humid forest_Open forest undefined,0.11,0.1,89,11,0
107,SSA_Subtropical humid forest_Oceans seas,0,0,38,23,1
108,SSA_Subtropical dry forest_No Data,0,0,9,3,1
109,SSA_Subtropical dry forest_Shrubs,0.12,0.1,83,13,0
110,SSA_Subtropical dry forest_Herbaceous vegetation,0,0,23,19,1
111,SSA_Subtropical dry forest_Agriculture,0,0,13,10,1
112,SSA_Subtropical dry forest_Urban built up,0,0,43,27,1
113,SSA_Subtropical dry forest_Bare sparse vegetation,0,0,5,4,1
114,SSA_Subtropical dry forest_Permanent water bodies,0,0,25,23,1
115,SSA_Subtropical dry forest_Herbaceous wetland,0,0,34,23,1
116,SSA_Subtropical dry forest_Closed forest evergreen broad leaf,0.07,0.06,145,4,0
117,SSA_Subtropical dry forest_Closed forest deciduous broad leaf,0.07,0.06,145,3,0
118,SSA_Subtropical dry forest_Closed forest mixed,0,0,94,13,1
119,SSA_Subtropical dry forest_Closed forest undefined,0.07,0.06,143,6,0
120,SSA_Subtropical dry forest_Open forest deciduous broad leaf,0,0,89,30,1
121,SSA_Subtropical dry forest_Open forest undefined,0.07,0.07,130,8,0
122,SSA_Subtropical dry forest_Oceans seas,0,0,32,21,1
123,SSA_Subtropical mountain system_Shrubs,0.16,0.14,63,10,0
124,SSA_Subtropical mountain system_Herbaceous vegetation,0,0,11,11,1
125,SSA_Subtropical mountain system_Agriculture,0,0,7,7,1
126,SSA_Subtropical mountain system_Urban built up,0,0,37,22,1
127,SSA_Subtropical mountain system_Bare sparse vegetation,0,0,9,8,1
128,SSA_Subtropical mountain system_Permanent water bodies,0,0,8,11,1
129,SSA_Subtropical mountain system_Herbaceous wetland,0,0,11,9,1
130,SSA_Subtropical mountain system_Closed forest evergreen broad leaf,0.09,0.08,117,6,0
131,SSA_Subtropical mountain system_Closed forest deciduous broad leaf,0.08,0.07,122,8,0
132,SSA_Subtropical mountain system_Closed forest undefined,0.09,0.08,114,8,0
133,SSA_Subtropical mountain system_Open forest deciduous broad leaf,0.11,0.1,90,8,0
134,SSA_Subtropical mountain system_Open forest undefined,0.11,0.1,91,12,0
135,SSA_Water_Shrubs,0,0,25,17,1
136,SSA_Water_Herbaceous vegetation,0,0,22,16,1
137,SSA_Water_Agriculture,0,0,26,16,1
138,SSA_Water_Urban built up,0,0,25,13,1
139,SSA_Water_Bare sparse vegetation,0,0,13,13,1
140,SSA_Water_Permanent water bodies,0,0,19,18,1
141,SSA_Water_Herbaceous wetland,0,0,34,17,1
142,SSA_Water_Closed forest evergreen broad leaf,0,0,114,48,1
143,SSA_Water_Closed forest deciduous broad leaf,0,0,77,21,1
144,SSA_Water_Closed forest undefined,0,0,73,26,1
145,SSA_Water_Open forest deciduous broad leaf,0,0,51,19,1
146,SSA_Water_Open forest undefined,0,0,45,19,1
147,LATAM_Tropical rainforest_No Data,0,0,160,62,1
148,LATAM_Tropical rainforest_Shrubs,0.14,0.06,166,30,0
149,LATAM_Tropical rainforest_Herbaceous vegetation,0,0,45,43,1
150,LATAM_Tropical rainforest_Agriculture,0,0,34,31,1
151,LATAM_Tropical rainforest_Urban built up,0,0,26,27,1
152,LATAM_Tropical rainforest_Bare sparse vegetation,0,0,91,61,1
153,LATAM_Tropical rainforest_Permanent water bodies,0,0,92,70,1
154,LATAM_Tropical rainforest_Herbaceous wetland,0,0,62,57,1
155,LATAM_Tropical rainforest_Closed forest evergreen broad leaf,0.08,0.03,288,13,0
156,LATAM_Tropical rainforest_Closed forest deciduous broad leaf,0.15,0.06,154,21,0
157,LATAM_Tropical rainforest_Closed forest mixed,0.13,0.05,184,12,0
158,LATAM_Tropical rainforest_Closed forest undefined,0.09,0.04,250,25,0
159,LATAM_Tropical rainforest_Open forest evergreen broad leaf,0.13,0.06,176,24,0
160,LATAM_Tropical rainforest_Open forest deciduous broad leaf,0.2,0.08,121,15,0
161,LATAM_Tropical rainforest_Open forest mixed,0,0,46,15,1
162,LATAM_Tropical rainforest_Open forest undefined,0.14,0.06,172,28,0
163,LATAM_Tropical rainforest_Oceans seas,0,0,104,73,1
164,LATAM_Tropical moist forest_No Data,0,0,2,1,1
165,LATAM_Tropical moist forest_Shrubs,0.25,0.11,83,18,0
166,LATAM_Tropical moist forest_Herbaceous vegetation,0,0,24,24,1
167,LATAM_Tropical moist forest_Agriculture,0,0,22,21,1
168,LATAM_Tropical moist forest_Urban built up,0,0,16,17,1
169,LATAM_Tropical moist forest_Bare sparse vegetation,0,0,39,48,1
170,LATAM_Tropical moist forest_Permanent water bodies,0,0,30,36,1
171,LATAM_Tropical moist forest_Herbaceous wetland,0,0,34,30,1
172,LATAM_Tropical moist forest_Closed forest evergreen needle leaf,0,0,135,1,1
173,LATAM_Tropical moist forest_Closed forest evergreen broad leaf,0.08,0.03,271,24,0
174,LATAM_Tropical moist forest_Closed forest deciduous broad leaf,0.17,0.08,119,11,0
175,LATAM_Tropical moist forest_Closed forest mixed,0.13,0.06,157,12,0
176,LATAM_Tropical moist forest_Closed forest undefined,0.15,0.07,139,23,0
177,LATAM_Tropical moist forest_Open forest evergreen broad leaf,0.14,0.06,153,19,0
178,LATAM_Tropical moist forest_Open forest deciduous broad leaf,0.17,0.08,119,14,0
179,LATAM_Tropical moist forest_Open forest mixed,0,0,48,12,1
180,LATAM_Tropical moist forest_Open forest undefined,0.18,0.08,117,21,0
181,LATAM_Tropical moist forest_Oceans seas,0,0,50,40,1
182,LATAM_Tropical dry forest_No Data,0,0,9,10,1
183,LATAM_Tropical dry forest_Shrubs,0.21,0.13,76,16,0
184,LATAM_Tropical dry forest_Herbaceous vegetation,0,0,19,22,1
185,LATAM_Tropical dry forest_Agriculture,0,0,16,18,1
186,LATAM_Tropical dry forest_Urban built up,0,0,10,12,1
187,LATAM_Tropical dry forest_Bare sparse vegetation,0,0,7,15,1
188,LATAM_Tropical dry forest_Permanent water bodies,0,0,18,22,1
189,LATAM_Tropical dry forest_Herbaceous wetland,0,0,26,23,1
190,LATAM_Tropical dry forest_Closed forest evergreen needle leaf,0,0,68,29,1
191,LATAM_Tropical dry forest_Closed forest evergreen broad leaf,0.11,0.07,142,15,0
192,LATAM_Tropical dry forest_Closed forest deciduous broad leaf,0.13,0.08,118,9,0
193,LATAM_Tropical dry forest_Closed forest mixed,0.15,0.09,106,12,0
194,LATAM_Tropical dry forest_Closed forest undefined,0.12,0.07,131,12,0
195,LATAM_Tropical dry forest_Open forest evergreen needle leaf,0,0,21,15,1
196,LATAM_Tropical dry forest_Open forest evergreen broad leaf,0.12,0.08,126,16,0
197,LATAM_Tropical dry forest_Open forest deciduous broad leaf,0.13,0.08,122,14,0
198,LATAM_Tropical dry forest_Open forest mixed,0.34,0.21,46,5,0
199,LATAM_Tropical dry forest_Open forest undefined,0.14,0.08,114,14,0
200,LATAM_Tropical dry forest_Oceans seas,0,0,19,21,1
201,LATAM_Tropical shrubland_No Data,0,0,1,1,1
202,LATAM_Tropical shrubland_Shrubs,0.32,0.29,50,23,0
203,LATAM_Tropical shrubland_Herbaceous vegetation,0,0,10,18,1
204,LATAM_Tropical shrubland_Agriculture,0,0,26,42,1
205,LATAM_Tropical shrubland_Urban built up,0,0,16,28,1
206,LATAM_Tropical shrubland_Bare sparse vegetation,0,0,2,3,1
207,LATAM_Tropical shrubland_Permanent water bodies,0,0,29,28,1
208,LATAM_Tropical shrubland_Herbaceous wetland,0,0,37,30,1
209,LATAM_Tropical shrubland_Closed forest evergreen broad leaf,0.09,0.08,184,9,0
210,LATAM_Tropical shrubland_Closed forest undefined,0.09,0.08,172,20,0
211,LATAM_Tropical shrubland_Open forest evergreen broad leaf,0.13,0.12,125,7,0
212,LATAM_Tropical shrubland_Open forest undefined,0.12,0.11,137,20,0
213,LATAM_Tropical shrubland_Oceans seas,0,0,20,23,1
214,LATAM_Tropical desert_Shrubs,0,0,2,3,1
215,LATAM_Tropical desert_Herbaceous vegetation,0,0,2,3,1
216,LATAM_Tropical desert_Agriculture,0,0,6,7,1
217,LATAM_Tropical desert_Urban built up,0,0,2,2,1
218,LATAM_Tropical desert_Bare sparse vegetation,0,0,1,2,1
219,LATAM_Tropical desert_Permanent water bodies,0,0,2,1,1
220,LATAM_Tropical desert_Herbaceous wetland,0,0,3,3,1
221,LATAM_Tropical desert_Closed forest undefined,0,0,10,8,1
222,LATAM_Tropical desert_Open forest undefined,0,0,3,6,1
223,LATAM_Tropical desert_Oceans seas,0,0,3,3,1
224,LATAM_Tropical mountain system_No Data,0,0,186,78,1
225,LATAM_Tropical mountain system_Shrubs,0.18,0.08,98,27,0
226,LATAM_Tropical mountain system_Herbaceous vegetation,0,0,19,30,1
227,LATAM_Tropical mountain system_Agriculture,0,0,24,28,1
228,LATAM_Tropical mountain system_Urban built up,0,0,23,28,1
229,LATAM_Tropical mountain system_Bare sparse vegetation,0,0,1,5,1
230,LATAM_Tropical mountain system_Snow and ice,0,0,7,15,1
231,LATAM_Tropical mountain system_Permanent water bodies,0,0,14,25,1
232,LATAM_Tropical mountain system_Herbaceous wetland,0,0,22,40,1
233,LATAM_Tropical mountain system_Closed forest evergreen needle leaf,0.13,0.06,138,11,0
234,LATAM_Tropical mountain system_Closed forest evergreen broad leaf,0.06,0.03,280,19,0
235,LATAM_Tropical mountain system_Closed forest deciduous broad leaf,0.12,0.05,146,10,0
236,LATAM_Tropical mountain system_Closed forest mixed,0.11,0.05,165,19,0
237,LATAM_Tropical mountain system_Closed forest undefined,0.06,0.03,285,29,0
238,LATAM_Tropical mountain system_Open forest evergreen needle leaf,0,0,55,25,1
239,LATAM_Tropical mountain system_Open forest evergreen broad leaf,0.09,0.04,188,21,0
240,LATAM_Tropical mountain system_Open forest deciduous broad leaf,0.15,0.06,119,7,0
241,LATAM_Tropical mountain system_Open forest mixed,0,0,46,18,1
242,LATAM_Tropical mountain system_Open forest undefined,0.12,0.05,146,24,0
243,LATAM_Tropical mountain system_Oceans seas,0,0,51,37,1
244,LATAM_Subtropical humid forest_Shrubs,0.16,0.14,64,18,0
245,LATAM_Subtropical humid forest_Herbaceous vegetation,0,0,12,17,1
246,LATAM_Subtropical humid forest_Agriculture,0,0,10,15,1
247,LATAM_Subtropical humid forest_Urban built up,0,0,19,21,1
248,LATAM_Subtropical humid forest_Bare sparse vegetation,0,0,4,7,1
249,LATAM_Subtropical humid forest_Permanent water bodies,0,0,22,29,1
250,LATAM_Subtropical humid forest_Herbaceous wetland,0,0,23,25,1
251,LATAM_Subtropical humid forest_Closed forest evergreen broad leaf,0.06,0.05,167,14,0
252,LATAM_Subtropical humid forest_Closed forest deciduous broad leaf,0.07,0.06,151,17,0
253,LATAM_Subtropical humid forest_Closed forest undefined,0.07,0.06,150,19,0
254,LATAM_Subtropical humid forest_Open forest evergreen broad leaf,0.09,0.08,115,14,0
255,LATAM_Subtropical humid forest_Open forest deciduous broad leaf,0.09,0.08,108,9,0
256,LATAM_Subtropical humid forest_Open forest undefined,0.08,0.07,121,22,0
257,LATAM_Subtropical humid forest_Oceans seas,0,0,25,29,1
258,LATAM_Subtropical dry forest_Herbaceous vegetation,0,0,52,56,1
259,LATAM_Subtropical dry forest_Bare sparse vegetation,0,0,40,47,1
260,LATAM_Subtropical dry forest_Snow and ice,0,0,1,1,1
261,LATAM_Subtropical dry forest_Permanent water bodies,0,0,36,17,1
262,LATAM_Subtropical dry forest_Closed forest evergreen broad leaf,0.06,0.05,282,24,0
263,LATAM_Subtropical dry forest_Closed forest deciduous broad leaf,0,0,66,8,1
264,LATAM_Subtropical dry forest_Closed forest undefined,0,0,234,48,1
265,LATAM_Subtropical dry forest_Open forest undefined,0,0,231,1,1
266,LATAM_Subtropical steppe_Shrubs,0.8,0.72,20,10,0
267,LATAM_Subtropical steppe_Herbaceous vegetation,0,0,4,6,1
268,LATAM_Subtropical steppe_Agriculture,0,0,5,5,1
269,LATAM_Subtropical steppe_Urban built up,0,0,4,6,1
270,LATAM_Subtropical steppe_Bare sparse vegetation,0,0,1,1,1
271,LATAM_Subtropical steppe_Permanent water bodies,0,0,5,9,1
272,LATAM_Subtropical steppe_Herbaceous wetland,0,0,5,10,1
273,LATAM_Subtropical steppe_Closed forest evergreen needle leaf,0.2,0.18,80,10,0
274,LATAM_Subtropical steppe_Closed forest evergreen broad leaf,0.19,0.17,84,4,0
275,LATAM_Subtropical steppe_Closed forest deciduous broad leaf,0.2,0.18,82,6,0
276,LATAM_Subtropical steppe_Closed forest mixed,0.17,0.15,93,8,0
277,LATAM_Subtropical steppe_Closed forest undefined,0.19,0.17,84,6,0
278,LATAM_Subtropical steppe_Open forest evergreen needle leaf,0.27,0.24,60,6,0
279,LATAM_Subtropical steppe_Open forest evergreen broad leaf,0,0,61,13,1
280,LATAM_Subtropical steppe_Open forest deciduous broad leaf,0.25,0.22,64,5,0
281,LATAM_Subtropical steppe_Open forest mixed,0.26,0.23,62,3,0
282,LATAM_Subtropical steppe_Open forest undefined,0.25,0.22,64,8,0
283,LATAM_Subtropical steppe_Oceans seas,0,0,2,3,1
284,LATAM_Subtropical desert_No Data,0,0,1,1,1
285,LATAM_Subtropical desert_Shrubs,0,0,2,5,1
286,LATAM_Subtropical desert_Herbaceous vegetation,0,0,1,1,1
287,LATAM_Subtropical desert_Agriculture,0,0,4,3,1
288,LATAM_Subtropical desert_Urban built up,0,0,2,2,1
289,LATAM_Subtropical desert_Bare sparse vegetation,0,0,1,1,1
290,LATAM_Subtropical desert_Permanent water bodies,0,0,2,4,1
291,LATAM_Subtropical desert_Herbaceous wetland,0,0,9,8,1
292,LATAM_Subtropical desert_Closed forest evergreen needle leaf,0,0,31,21,1
293,LATAM_Subtropical desert_Closed forest evergreen broad leaf,0,0,47,10,1
294,LATAM_Subtropical desert_Closed forest deciduous broad leaf,0,0,35,20,1
295,LATAM_Subtropical desert_Closed forest mixed,0,0,32,16,1
296,LATAM_Subtropical desert_Closed forest undefined,0,0,36,17,1
297,LATAM_Subtropical desert_Open forest evergreen needle leaf,0,0,34,15,1
298,LATAM_Subtropical desert_Open forest deciduous broad leaf,0,0,25,15,1
299,LATAM_Subtropical desert_Open forest undefined,0,0,24,20,1
300,LATAM_Subtropical desert_Oceans seas,0,0,4,5,1
301,LATAM_Subtropical mountain system_Shrubs,0.2,0.18,51,15,0
302,LATAM_Subtropical mountain system_Herbaceous vegetation,0,0,7,19,1
303,LATAM_Subtropical mountain system_Agriculture,0,0,12,15,1
304,LATAM_Subtropical mountain system_Urban built up,0,0,8,12,1
305,LATAM_Subtropical mountain system_Bare sparse vegetation,0,0,2,8,1
306,LATAM_Subtropical mountain system_Snow and ice,0,0,38,62,1
307,LATAM_Subtropical mountain system_Permanent water bodies,0,0,37,51,1
308,LATAM_Subtropical mountain system_Herbaceous wetland,0,0,16,27,1
309,LATAM_Subtropical mountain system_Closed forest evergreen needle leaf,0.09,0.08,109,9,0
310,LATAM_Subtropical mountain system_Closed forest evergreen broad leaf,0.04,0.04,238,29,0
311,LATAM_Subtropical mountain system_Closed forest deciduous broad leaf,0.1,0.09,101,20,0
312,LATAM_Subtropical mountain system_Closed forest mixed,0.09,0.08,109,9,0
313,LATAM_Subtropical mountain system_Closed forest undefined,0.08,0.07,128,38,0
314,LATAM_Subtropical mountain system_Open forest evergreen needle leaf,0.13,0.12,78,11,0
315,LATAM_Subtropical mountain system_Open forest evergreen broad leaf,0.09,0.08,116,24,0
316,LATAM_Subtropical mountain system_Open forest deciduous broad leaf,0.17,0.16,58,10,0
317,LATAM_Subtropical mountain system_Open forest mixed,0.14,0.12,72,10,0
318,LATAM_Subtropical mountain system_Open forest undefined,0.12,0.11,80,16,0
319,LATAM_Subtropical mountain system_Oceans seas,0,0,3,4,1
320,LATAM_Temperate oceanic forest_Shrubs,0.11,0.02,172,19,0
321,LATAM_Temperate oceanic forest_Herbaceous vegetation,0,0,67,53,1
322,LATAM_Temperate oceanic forest_Agriculture,0,0,112,40,1
323,LATAM_Temperate oceanic forest_Urban built up,0,0,77,47,1
324,LATAM_Temperate oceanic forest_Bare sparse vegetation,0,0,47,47,1
325,LATAM_Temperate oceanic forest_Snow and ice,0,0,25,32,1
326,LATAM_Temperate oceanic forest_Permanent water bodies,0,0,67,58,1
327,LATAM_Temperate oceanic forest_Herbaceous wetland,0,0,74,73,1
328,LATAM_Temperate oceanic forest_Closed forest evergreen broad leaf,0.08,0.01,260,15,0
329,LATAM_Temperate oceanic forest_Closed forest deciduous broad leaf,0.08,0.01,259,16,0
330,LATAM_Temperate oceanic forest_Closed forest mixed,0,0,199,56,1
331,LATAM_Temperate oceanic forest_Closed forest undefined,0.08,0.01,257,22,0
332,LATAM_Temperate oceanic forest_Open forest deciduous broad leaf,0.12,0.02,171,14,0
333,LATAM_Temperate oceanic forest_Open forest undefined,0.09,0.02,211,19,0
334,LATAM_Temperate oceanic forest_Oceans seas,0,0,95,57,1
335,LATAM_Temperate steppe_Shrubs,0.18,0.01,31,29,0
336,LATAM_Temperate steppe_Herbaceous vegetation,0,0,4,12,1
337,LATAM_Temperate steppe_Agriculture,0,0,14,24,1
338,LATAM_Temperate steppe_Urban built up,0,0,11,20,1
339,LATAM_Temperate steppe_Bare sparse vegetation,0,0,1,3,1
340,LATAM_Temperate steppe_Snow and ice,0,0,15,14,1
341,LATAM_Temperate steppe_Permanent water bodies,0,0,25,39,1
342,LATAM_Temperate steppe_Herbaceous wetland,0,0,18,31,1
343,LATAM_Temperate steppe_Closed forest evergreen broad leaf,0.02,0,247,21,0
344,LATAM_Temperate steppe_Closed forest deciduous broad leaf,0.03,0,197,11,0
345,LATAM_Temperate steppe_Closed forest undefined,0.03,0,195,15,0
346,LATAM_Temperate steppe_Open forest evergreen broad leaf,0,0,163,1,1
347,LATAM_Temperate steppe_Open forest deciduous broad leaf,0.06,0,103,11,0
348,LATAM_Temperate steppe_Open forest undefined,0.03,0,170,18,0
349,LATAM_Temperate steppe_Oceans seas,0,0,2,2,1
350,LATAM_Temperate mountain system_Shrubs,0.05,0,165,18,0
351,LATAM_Temperate mountain system_Herbaceous vegetation,0,0,45,55,1
352,LATAM_Temperate mountain system_Agriculture,0,0,80,50,1
353,LATAM_Temperate mountain system_Urban built up,0,0,109,36,1
354,LATAM_Temperate mountain system_Bare sparse vegetation,0,0,21,38,1
355,LATAM_Temperate mountain system_Snow and ice,0,0,24,33,1
356,LATAM_Temperate mountain system_Permanent water bodies,0,0,72,63,1
357,LATAM_Temperate mountain system_Herbaceous wetland,0,0,103,46,1
358,LATAM_Temperate mountain system_Closed forest evergreen broad leaf,0.03,0,257,13,0
359,LATAM_Temperate mountain system_Closed forest deciduous broad leaf,0.03,0,244,21,0
360,LATAM_Temperate mountain system_Closed forest mixed,0.03,0,286,10,0
361,LATAM_Temperate mountain system_Closed forest undefined,0.04,0,221,19,0
362,LATAM_Temperate mountain system_Open forest deciduous broad leaf,0,0,92,33,1
363,LATAM_Temperate mountain system_Open forest undefined,0.04,0,202,22,0
364,LATAM_Temperate mountain system_Oceans seas,0,0,191,1,1
365,LATAM_Water_Shrubs,0,0,41,31,1
366,LATAM_Water_Herbaceous vegetation,0,0,42,37,1
367,LATAM_Water_Agriculture,0,0,31,27,1
368,LATAM_Water_Urban built up,0,0,15,18,1
369,LATAM_Water_Permanent water bodies,0,0,27,27,1
370,LATAM_Water_Herbaceous wetland,0,0,21,25,1
371,LATAM_Water_Closed forest evergreen broad leaf,0,0,90,35,1
372,LATAM_Water_Closed forest undefined,0,0,62,23,1
373,LATAM_Water_Open forest evergreen broad leaf,0,0,74,40,1
374,LATAM_Water_Open forest deciduous broad leaf,0,0,16,1,1
375,LATAM_Water_Open forest undefined,0,0,54,33,1
376,LATAM_Water_Oceans seas,0,0,44,42,1
377,ASIA_Tropical rainforest_No Data,0,0,191,42,1
378,ASIA_Tropical rainforest_Shrubs,0.09,0.11,144,17,0
379,ASIA_Tropical rainforest_Herbaceous vegetation,0,0,73,72,1
380,ASIA_Tropical rainforest_Agriculture,0,0,28,31,1
381,ASIA_Tropical rainforest_Urban built up,0,0,38,34,1
382,ASIA_Tropical rainforest_Bare sparse vegetation,0,0,16,36,1
383,ASIA_Tropical rainforest_Permanent water bodies,0,0,72,69,1
384,ASIA_Tropical rainforest_Herbaceous wetland,0,0,47,53,1
385,ASIA_Tropical rainforest_Closed forest evergreen needle leaf,0.07,0.08,198,20,0
386,ASIA_Tropical rainforest_Closed forest evergreen broad leaf,0.04,0.05,322,25,0
387,ASIA_Tropical rainforest_Closed forest deciduous broad leaf,0.08,0.09,178,18,0
388,ASIA_Tropical rainforest_Closed forest mixed,0.1,0.11,139,6,0
389,ASIA_Tropical rainforest_Closed forest undefined,0.05,0.05,300,29,0
390,ASIA_Tropical rainforest_Open forest evergreen needle leaf,0.1,0.11,136,7,0
391,ASIA_Tropical rainforest_Open forest evergreen broad leaf,0.07,0.08,191,42,0
392,ASIA_Tropical rainforest_Open forest deciduous broad leaf,0.15,0.18,89,14,0
393,ASIA_Tropical rainforest_Open forest undefined,0.05,0.06,248,38,0
394,ASIA_Tropical rainforest_Oceans seas,0,0,66,54,1
395,ASIA_Tropical moist forest_Shrubs,0.11,0.04,85,24,0
396,ASIA_Tropical moist forest_Herbaceous vegetation,0,0,24,31,1
397,ASIA_Tropical moist forest_Agriculture,0,0,14,21,1
398,ASIA_Tropical moist forest_Urban built up,0,0,13,16,1
399,ASIA_Tropical moist forest_Bare sparse vegetation,0,0,6,12,1
400,ASIA_Tropical moist forest_Permanent water bodies,0,0,24,30,1
401,ASIA_Tropical moist forest_Herbaceous wetland,0,0,39,35,1
402,ASIA_Tropical moist forest_Closed forest evergreen needle leaf,0.04,0.01,219,18,0
403,ASIA_Tropical moist forest_Closed forest evergreen broad leaf,0.05,0.02,198,19,0
404,ASIA_Tropical moist forest_Closed forest deciduous broad leaf,0.06,0.02,171,21,0
405,ASIA_Tropical moist forest_Closed forest mixed,0,0,134,52,1
406,ASIA_Tropical moist forest_Closed forest undefined,0.05,0.02,184,29,0
407,ASIA_Tropical moist forest_Open forest evergreen needle leaf,0.06,0.02,168,10,0
408,ASIA_Tropical moist forest_Open forest evergreen broad leaf,0.08,0.03,118,20,0
409,ASIA_Tropical moist forest_Open forest deciduous broad leaf,0.11,0.04,89,14,0
410,ASIA_Tropical moist forest_Open forest undefined,0.07,0.02,135,28,0
411,ASIA_Tropical moist forest_Oceans seas,0,0,31,37,1
412,ASIA_Tropical dry forest_Shrubs,0.52,0.47,30,15,0
413,ASIA_Tropical dry forest_Herbaceous vegetation,0,0,5,8,1
414,ASIA_Tropical dry forest_Agriculture,0,0,9,14,1
415,ASIA_Tropical dry forest_Urban built up,0,0,10,11,1
416,ASIA_Tropical dry forest_Bare sparse vegetation,0,0,4,7,1
417,ASIA_Tropical dry forest_Permanent water bodies,0,0,14,21,1
418,ASIA_Tropical dry forest_Herbaceous wetland,0,0,17,22,1
419,ASIA_Tropical dry forest_Closed forest evergreen needle leaf,0.12,0.11,126,6,0
420,ASIA_Tropical dry forest_Closed forest evergreen broad leaf,0.08,0.08,184,9,0
421,ASIA_Tropical dry forest_Closed forest deciduous broad leaf,0.13,0.12,116,9,0
422,ASIA_Tropical dry forest_Closed forest undefined,0.1,0.09,162,21,0
423,ASIA_Tropical dry forest_Open forest evergreen needle leaf,0,0,92,4,1
424,ASIA_Tropical dry forest_Open forest evergreen broad leaf,0.12,0.11,131,22,0
425,ASIA_Tropical dry forest_Open forest deciduous broad leaf,0.2,0.18,80,10,0
426,ASIA_Tropical dry forest_Open forest undefined,0.16,0.14,97,26,0
427,ASIA_Tropical dry forest_Oceans seas,0,0,21,26,1
428,ASIA_Tropical shrubland_Shrubs,1.17,1.05,12,11,0
429,ASIA_Tropical shrubland_Herbaceous vegetation,0,0,3,6,1
430,ASIA_Tropical shrubland_Agriculture,0,0,4,3,1
431,ASIA_Tropical shrubland_Urban built up,0,0,3,4,1
432,ASIA_Tropical shrubland_Bare sparse vegetation,0,0,2,3,1
433,ASIA_Tropical shrubland_Permanent water bodies,0,0,4,10,1
434,ASIA_Tropical shrubland_Herbaceous wetland,0,0,5,6,1
435,ASIA_Tropical shrubland_Closed forest evergreen needle leaf,0.08,0.07,171,19,0
436,ASIA_Tropical shrubland_Closed forest evergreen broad leaf,0.08,0.07,181,14,0
437,ASIA_Tropical shrubland_Closed forest deciduous broad leaf,0.15,0.14,91,9,0
438,ASIA_Tropical shrubland_Closed forest undefined,0.14,0.13,97,15,0
439,ASIA_Tropical shrubland_Open forest evergreen broad leaf,0.11,0.1,123,13,0
440,ASIA_Tropical shrubland_Open forest deciduous broad leaf,0.32,0.29,44,13,0
441,ASIA_Tropical shrubland_Open forest undefined,0.18,0.16,79,21,0
442,ASIA_Tropical shrubland_Oceans seas,0,0,22,32,1
443,ASIA_Tropical desert_Shrubs,0,0,2,1,1
444,ASIA_Tropical desert_Herbaceous vegetation,0,0,2,1,1
445,ASIA_Tropical desert_Agriculture,0,0,3,2,1
446,ASIA_Tropical desert_Urban built up,0,0,3,2,1
447,ASIA_Tropical desert_Bare sparse vegetation,0,0,1,1,1
448,ASIA_Tropical desert_Permanent water bodies,0,0,2,1,1
449,ASIA_Tropical desert_Herbaceous wetland,0,0,3,2,1
450,ASIA_Tropical desert_Closed forest undefined,0,0,7,6,1
451,ASIA_Tropical desert_Open forest undefined,0,0,4,2,1
452,ASIA_Tropical desert_Oceans seas,0,0,1,1,1
453,ASIA_Tropical mountain system_No Data,0,0,219,41,1
454,ASIA_Tropical mountain system_Shrubs,0.1,0.11,118,25,0
455,ASIA_Tropical mountain system_Herbaceous vegetation,0,0,68,46,1
456,ASIA_Tropical mountain system_Agriculture,0,0,38,29,1
457,ASIA_Tropical mountain system_Urban built up,0,0,41,38,1
458,ASIA_Tropical mountain system_Bare sparse vegetation,0,0,37,40,1
459,ASIA_Tropical mountain system_Snow and ice,0,0,1,1,1
460,ASIA_Tropical mountain system_Permanent water bodies,0,0,50,43,1
461,ASIA_Tropical mountain system_Herbaceous wetland,0,0,103,67,1
462,ASIA_Tropical mountain system_Closed forest evergreen needle leaf,0.05,0.05,228,19,0
463,ASIA_Tropical mountain system_Closed forest evergreen broad leaf,0.04,0.05,273,24,0
464,ASIA_Tropical mountain system_Closed forest deciduous broad leaf,0.08,0.09,144,12,0
465,ASIA_Tropical mountain system_Closed forest mixed,0.11,0.12,101,16,0
466,ASIA_Tropical mountain system_Closed forest undefined,0.04,0.04,315,30,0
467,ASIA_Tropical mountain system_Open forest evergreen needle leaf,0.07,0.08,160,12,0
468,ASIA_Tropical mountain system_Open forest evergreen broad leaf,0.07,0.07,166,26,0
469,ASIA_Tropical mountain system_Open forest deciduous broad leaf,0.12,0.12,100,2,0
470,ASIA_Tropical mountain system_Open forest undefined,0.06,0.07,189,36,0
471,ASIA_Subtropical humid forest_Shrubs,0.14,0.05,69,14,0
472,ASIA_Subtropical humid forest_Herbaceous vegetation,0,0,17,24,1
473,ASIA_Subtropical humid forest_Agriculture,0,0,17,14,1
474,ASIA_Subtropical humid forest_Urban built up,0,0,10,11,1
475,ASIA_Subtropical humid forest_Bare sparse vegetation,0,0,4,8,1
476,ASIA_Subtropical humid forest_Permanent water bodies,0,0,15,17,1
477,ASIA_Subtropical humid forest_Herbaceous wetland,0,0,9,11,1
478,ASIA_Subtropical humid forest_Closed forest evergreen needle leaf,0.09,0.03,115,18,0
479,ASIA_Subtropical humid forest_Closed forest evergreen broad leaf,0.11,0.04,89,10,0
480,ASIA_Subtropical humid forest_Closed forest deciduous broad leaf,0.05,0.02,187,20,0
481,ASIA_Subtropical humid forest_Closed forest mixed,0.05,0.02,202,29,0
482,ASIA_Subtropical humid forest_Closed forest undefined,0.09,0.03,114,25,0
483,ASIA_Subtropical humid forest_Open forest evergreen needle leaf,0.07,0.02,152,19,0
484,ASIA_Subtropical humid forest_Open forest evergreen broad leaf,0.14,0.05,70,9,0
485,ASIA_Subtropical humid forest_Open forest deciduous broad leaf,0.05,0.02,203,9,0
486,ASIA_Subtropical humid forest_Open forest undefined,0.12,0.04,80,15,0
487,ASIA_Subtropical humid forest_Oceans seas,0,0,21,27,1
488,ASIA_Subtropical dry forest_Shrubs,0.46,0.41,57,16,0
489,ASIA_Subtropical dry forest_Herbaceous vegetation,0,0,5,10,1
490,ASIA_Subtropical dry forest_Agriculture,0,0,8,11,1
491,ASIA_Subtropical dry forest_Urban built up,0,0,7,10,1
492,ASIA_Subtropical dry forest_Bare sparse vegetation,0,0,4,10,1
493,ASIA_Subtropical dry forest_Permanent water bodies,0,0,14,21,1
494,ASIA_Subtropical dry forest_Herbaceous wetland,0,0,26,17,1
495,ASIA_Subtropical dry forest_Closed forest evergreen needle leaf,0.2,0.18,127,12,0
496,ASIA_Subtropical dry forest_Closed forest deciduous broad leaf,0.17,0.15,151,7,0
497,ASIA_Subtropical dry forest_Closed forest mixed,0.17,0.15,155,6,0
498,ASIA_Subtropical dry forest_Closed forest undefined,0.25,0.22,106,11,0
499,ASIA_Subtropical dry forest_Open forest evergreen needle leaf,0.32,0.29,80,13,0
500,ASIA_Subtropical dry forest_Open forest deciduous broad leaf,0,0,2,1,1
501,ASIA_Subtropical dry forest_Open forest undefined,0.31,0.28,83,13,0
502,ASIA_Subtropical dry forest_Oceans seas,0,0,22,25,1
503,ASIA_Subtropical steppe_No Data,0,0,1,1,1
504,ASIA_Subtropical steppe_Shrubs,2,1.8,7,8,0
505,ASIA_Subtropical steppe_Herbaceous vegetation,0,0,2,3,1
506,ASIA_Subtropical steppe_Agriculture,0,0,2,2,1
507,ASIA_Subtropical steppe_Urban built up,0,0,2,2,1
508,ASIA_Subtropical steppe_Bare sparse vegetation,0,0,1,0,1
509,ASIA_Subtropical steppe_Permanent water bodies,0,0,3,4,1
510,ASIA_Subtropical steppe_Herbaceous wetland,0,0,5,5,1
511,ASIA_Subtropical steppe_Closed forest evergreen needle leaf,0.1,0.09,138,15,0
512,ASIA_Subtropical steppe_Closed forest evergreen broad leaf,0.09,0.08,159,13,0
513,ASIA_Subtropical steppe_Closed forest undefined,0.22,0.2,64,12,0
514,ASIA_Subtropical steppe_Open forest evergreen needle leaf,0.13,0.12,108,18,0
515,ASIA_Subtropical steppe_Open forest evergreen broad leaf,0.3,0.27,47,0,0
516,ASIA_Subtropical steppe_Open forest deciduous broad leaf,0,0,2,1,1
517,ASIA_Subtropical steppe_Open forest undefined,0.21,0.19,66,20,0
518,ASIA_Subtropical steppe_Oceans seas,0,0,1,0,1
519,ASIA_Subtropical desert_Shrubs,0,0,2,4,1
520,ASIA_Subtropical desert_Herbaceous vegetation,0,0,2,3,1
521,ASIA_Subtropical desert_Agriculture,0,0,2,1,1
522,ASIA_Subtropical desert_Urban built up,0,0,2,1,1
523,ASIA_Subtropical desert_Bare sparse vegetation,0,0,1,0,1
524,ASIA_Subtropical desert_Permanent water bodies,0,0,4,8,1
525,ASIA_Subtropical desert_Herbaceous wetland,0,0,14,19,1
526,ASIA_Subtropical desert_Closed forest undefined,0,0,11,20,1
527,ASIA_Subtropical desert_Open forest undefined,0,0,3,5,1
528,ASIA_Subtropical desert_Oceans seas,0,0,1,0,1
529,ASIA_Subtropical mountain system_No Data,0,0,1,1,1
530,ASIA_Subtropical mountain system_Shrubs,0.15,0.02,65,21,0
531,ASIA_Subtropical mountain system_Herbaceous vegetation,0,0,5,14,1
532,ASIA_Subtropical mountain system_Agriculture,0,0,9,17,1
533,ASIA_Subtropical mountain system_Urban built up,0,0,7,13,1
534,ASIA_Subtropical mountain system_Bare sparse vegetation,0,0,1,2,1
535,ASIA_Subtropical mountain system_Snow and ice,0,0,7,11,1
536,ASIA_Subtropical mountain system_Permanent water bodies,0,0,14,21,1
537,ASIA_Subtropical mountain system_Herbaceous wetland,0,0,21,24,1
538,ASIA_Subtropical mountain system_Closed forest evergreen needle leaf,0.06,0.01,171,19,0
539,ASIA_Subtropical mountain system_Closed forest evergreen broad leaf,0.07,0.01,147,16,0
540,ASIA_Subtropical mountain system_Closed forest deciduous broad leaf,0.05,0.01,187,19,0
541,ASIA_Subtropical mountain system_Closed forest mixed,0.05,0.01,191,20,0
542,ASIA_Subtropical mountain system_Closed forest undefined,0.07,0.01,137,25,0
543,ASIA_Subtropical mountain system_Open forest evergreen needle leaf,0.09,0.01,107,21,0
544,ASIA_Subtropical mountain system_Open forest evergreen broad leaf,0.09,0.01,116,13,0
545,ASIA_Subtropical mountain system_Open forest deciduous broad leaf,0.06,0.01,181,23,0
546,ASIA_Subtropical mountain system_Open forest undefined,0.09,0.01,113,18,0
547,ASIA_Subtropical mountain system_Oceans seas,0,0,75,34,1
548,ASIA_Temperate continental forest_Shrubs,0.13,0,63,18,0
549,ASIA_Temperate continental forest_Herbaceous vegetation,0,0,13,15,1
550,ASIA_Temperate continental forest_Agriculture,0,0,9,10,1
551,ASIA_Temperate continental forest_Urban built up,0,0,5,8,1
552,ASIA_Temperate continental forest_Bare sparse vegetation,0,0,4,7,1
553,ASIA_Temperate continental forest_Permanent water bodies,0,0,13,18,1
554,ASIA_Temperate continental forest_Herbaceous wetland,0,0,10,13,1
555,ASIA_Temperate continental forest_Closed forest evergreen needle leaf,0.05,0,154,26,0
556,ASIA_Temperate continental forest_Closed forest evergreen broad leaf,0.1,0,81,7,0
557,ASIA_Temperate continental forest_Closed forest deciduous needle leaf,0.07,0,119,5,0
558,ASIA_Temperate continental forest_Closed forest deciduous broad leaf,0.06,0,127,21,0
559,ASIA_Temperate continental forest_Closed forest mixed,0.05,0,173,24,0
560,ASIA_Temperate continental forest_Closed forest undefined,0.07,0,121,14,0
561,ASIA_Temperate continental forest_Open forest evergreen needle leaf,0.12,0,67,10,0
562,ASIA_Temperate continental forest_Open forest evergreen broad leaf,0.11,0,72,5,0
563,ASIA_Temperate continental forest_Open forest deciduous broad leaf,0.13,0,59,9,0
564,ASIA_Temperate continental forest_Open forest mixed,0,0,35,36,1
565,ASIA_Temperate continental forest_Open forest undefined,0.09,0,87,18,0
566,ASIA_Temperate continental forest_Oceans seas,0,0,16,23,1
567,ASIA_Temperate steppe_Shrubs,0,0,2,5,1
568,ASIA_Temperate steppe_Herbaceous vegetation,0,0,2,5,1
569,ASIA_Temperate steppe_Agriculture,0,0,4,4,1
570,ASIA_Temperate steppe_Urban built up,0,0,4,5,1
571,ASIA_Temperate steppe_Bare sparse vegetation,0,0,1,0,1
572,ASIA_Temperate steppe_Permanent water bodies,0,0,5,10,1
573,ASIA_Temperate steppe_Herbaceous wetland,0,0,12,11,1
574,ASIA_Temperate steppe_Closed forest evergreen needle leaf,0,0,92,30,1
575,ASIA_Temperate steppe_Closed forest deciduous needle leaf,0,0,68,30,1
576,ASIA_Temperate steppe_Closed forest deciduous broad leaf,0,0,51,28,1
577,ASIA_Temperate steppe_Closed forest mixed,0,0,69,31,1
578,ASIA_Temperate steppe_Closed forest undefined,0,0,37,26,1
579,ASIA_Temperate steppe_Open forest evergreen needle leaf,0,0,77,24,1
580,ASIA_Temperate steppe_Open forest deciduous needle leaff,0,0,20,18,1
581,ASIA_Temperate steppe_Open forest deciduous broad leaf,0,0,35,24,1
582,ASIA_Temperate steppe_Open forest mixed,0,0,31,17,1
583,ASIA_Temperate steppe_Open forest undefined,0,0,28,26,1
584,ASIA_Temperate desert_No Data,0,0,4,1,1
585,ASIA_Temperate desert_Shrubs,0,0,1,2,1
586,ASIA_Temperate desert_Herbaceous vegetation,0,0,2,3,1
587,ASIA_Temperate desert_Agriculture,0,0,5,4,1
588,ASIA_Temperate desert_Urban built up,0,0,5,6,1
589,ASIA_Temperate desert_Bare sparse vegetation,0,0,1,0,1
590,ASIA_Temperate desert_Snow and ice,0,0,1,1,1
591,ASIA_Temperate desert_Permanent water bodies,0,0,6,9,1
592,ASIA_Temperate desert_Herbaceous wetland,0,0,16,17,1
593,ASIA_Temperate desert_Closed forest evergreen needle leaf,0,0,78,27,1
594,ASIA_Temperate desert_Closed forest deciduous needle leaf,0,0,37,29,1
595,ASIA_Temperate desert_Closed forest deciduous broad leaf,0,0,73,34,1
596,ASIA_Temperate desert_Closed forest mixed,0,0,52,21,1
597,ASIA_Temperate desert_Closed forest undefined,0,0,37,34,1
598,ASIA_Temperate desert_Open forest evergreen needle leaf,0,0,78,21,1
599,ASIA_Temperate desert_Open forest deciduous broad leaf,0,0,65,10,1
600,ASIA_Temperate desert_Open forest undefined,0,0,39,30,1
601,ASIA_Temperate mountain system_Shrubs,0.21,0.01,40,14,0
602,ASIA_Temperate mountain system_Herbaceous vegetation,0,0,5,12,1
603,ASIA_Temperate mountain system_Agriculture,0,0,5,5,1
604,ASIA_Temperate mountain system_Urban built up,0,0,4,6,1
605,ASIA_Temperate mountain system_Bare sparse vegetation,0,0,1,1,1
606,ASIA_Temperate mountain system_Snow and ice,0,0,5,15,1
607,ASIA_Temperate mountain system_Permanent water bodies,0,0,5,11,1
608,ASIA_Temperate mountain system_Herbaceous wetland,0,0,5,7,1
609,ASIA_Temperate mountain system_Closed forest evergreen needle leaf,0.04,0,207,29,0
610,ASIA_Temperate mountain system_Closed forest evergreen broad leaf,0.09,0,90,7,0
611,ASIA_Temperate mountain system_Closed forest deciduous needle leaf,0.08,0,105,12,0
612,ASIA_Temperate mountain system_Closed forest deciduous broad leaf,0.04,0,195,25,0
613,ASIA_Temperate mountain system_Closed forest mixed,0.03,0,274,15,0
614,ASIA_Temperate mountain system_Closed forest undefined,0.07,0,116,21,0
615,ASIA_Temperate mountain system_Open forest evergreen needle leaf,0.07,0,116,14,0
616,ASIA_Temperate mountain system_Open forest evergreen broad leaf,0.15,0,57,12,0
617,ASIA_Temperate mountain system_Open forest deciduous needle leaff,0.12,0,67,3,0
618,ASIA_Temperate mountain system_Open forest deciduous broad leaf,0.1,0,80,50,0
619,ASIA_Temperate mountain system_Open forest undefined,0.11,0,75,23,0
620,ASIA_Temperate mountain system_Oceans seas,0,0,2,1,1
621,ASIA_Boreal coniferous forest_Herbaceous vegetation,0,0,21,15,1
622,ASIA_Boreal coniferous forest_Agriculture,0,0,14,10,1
623,ASIA_Boreal coniferous forest_Urban built up,0,0,8,8,1
624,ASIA_Boreal coniferous forest_Bare sparse vegetation,0,0,7,9,1
625,ASIA_Boreal coniferous forest_Permanent water bodies,0,0,32,18,1
626,ASIA_Boreal coniferous forest_Herbaceous wetland,0,0,20,17,1
627,ASIA_Boreal coniferous forest_Closed forest evergreen needle leaf,0.05,0.04,93,3,0
628,ASIA_Boreal coniferous forest_Closed forest deciduous needle leaf,0.05,0.04,91,7,0
629,ASIA_Boreal coniferous forest_Closed forest deciduous broad leaf,0.05,0.05,84,7,0
630,ASIA_Boreal coniferous forest_Closed forest mixed,0.06,0.05,80,5,0
631,ASIA_Boreal coniferous forest_Closed forest undefined,0.05,0.05,84,8,0
632,ASIA_Boreal coniferous forest_Open forest deciduous needle leaff,0.07,0.06,67,11,0
633,ASIA_Boreal coniferous forest_Open forest deciduous broad leaf,0.08,0.07,54,4,0
634,ASIA_Boreal coniferous forest_Open forest undefined,0.08,0.07,55,7,0
635,ASIA_Boreal mountain system_Shrubs,0.05,0.04,105,8,0
636,ASIA_Boreal mountain system_Herbaceous vegetation,0,0,15,20,1
637,ASIA_Boreal mountain system_Agriculture,0,0,5,8,1
638,ASIA_Boreal mountain system_Urban built up,0,0,3,10,1
639,ASIA_Boreal mountain system_Bare sparse vegetation,0,0,1,3,1
640,ASIA_Boreal mountain system_Snow and ice,0,0,1,1,1
641,ASIA_Boreal mountain system_Permanent water bodies,0,0,20,22,1
642,ASIA_Boreal mountain system_Herbaceous wetland,0,0,7,1,1
643,ASIA_Boreal mountain system_Closed forest evergreen needle leaf,0.03,0.03,149,7,0
644,ASIA_Boreal mountain system_Closed forest deciduous needle leaf,0.04,0.04,122,11,0
645,ASIA_Boreal mountain system_Closed forest deciduous broad leaf,0.04,0.04,128,4,0
646,ASIA_Boreal mountain system_Closed forest mixed,0.04,0.03,147,5,0
647,ASIA_Boreal mountain system_Closed forest undefined,0.05,0.05,101,11,0
648,ASIA_Boreal mountain system_Open forest evergreen needle leaf,0.05,0.04,115,6,0
649,ASIA_Boreal mountain system_Open forest deciduous needle leaff,0,0,20,8,1
650,ASIA_Boreal mountain system_Open forest deciduous broad leaf,0.05,0.04,114,5,0
651,ASIA_Boreal mountain system_Open forest undefined,0.05,0.04,113,7,0
652,ASIA_Water_Shrubs,0,0,7,13,1
653,ASIA_Water_Herbaceous vegetation,0,0,3,9,1
654,ASIA_Water_Agriculture,0,0,3,3,1
655,ASIA_Water_Urban built up,0,0,5,5,1
656,ASIA_Water_Bare sparse vegetation,0,0,1,1,1
657,ASIA_Water_Permanent water bodies,0,0,9,12,1
658,ASIA_Water_Herbaceous wetland,0,0,24,19,1
659,ASIA_Water_Closed forest evergreen needle leaf,0,0,59,40,1
660,ASIA_Water_Closed forest deciduous needle leaf,0,0,103,1,1
661,ASIA_Water_Closed forest deciduous broad leaf,0,0,77,39,1
662,ASIA_Water_Closed forest undefined,0,0,62,41,1
663,ASIA_Water_Open forest evergreen needle leaf,0,0,15,17,1
664,ASIA_Water_Open forest mixed,0,0,69,1,1
665,ASIA_Water_Open forest undefined,0,0,29,29,1
666,NorAfr_Tropical shrubland_Bare sparse vegetation,0,0,1,0,1
667,NorAfr_Tropical desert_Shrubs,0,0,19,17,1
668,NorAfr_Tropical desert_Herbaceous vegetation,0,0,9,11,1
669,NorAfr_Tropical desert_Agriculture,0,0,6,8,1
670,NorAfr_Tropical desert_Urban built up,0,0,13,16,1
671,NorAfr_Tropical desert_Bare sparse vegetation,0,0,2,4,1
672,NorAfr_Tropical desert_Permanent water bodies,0,0,7,8,1
673,NorAfr_Tropical desert_Herbaceous wetland,0,0,5,3,1
674,NorAfr_Tropical desert_Closed forest evergreen broad leaf,0,0,6,1,1
675,NorAfr_Tropical desert_Closed forest mixed,0,0,18,13,1
676,NorAfr_Tropical desert_Closed forest undefined,0,0,20,13,1
677,NorAfr_Tropical desert_Open forest mixed,0,0,19,13,1
678,NorAfr_Tropical desert_Open forest undefined,0,0,16,13,1
679,NorAfr_Tropical desert_Oceans seas,0,0,1,1,1
680,NorAfr_Tropical mountain system_Shrubs,0,0,1,1,1
681,NorAfr_Tropical mountain system_Herbaceous vegetation,0,0,1,0,1
682,NorAfr_Tropical mountain system_Agriculture,0,0,22,3,1
683,NorAfr_Tropical mountain system_Urban built up,0,0,17,1,1
684,NorAfr_Tropical mountain system_Bare sparse vegetation,0,0,1,1,1
685,NorAfr_Tropical mountain system_Open forest undefined,0,0,4,1,1
686,NorAfr_Subtropical dry forest_Shrubs,0.16,0.14,60,7,0
687,NorAfr_Subtropical dry forest_Herbaceous vegetation,0,0,15,12,1
688,NorAfr_Subtropical dry forest_Agriculture,0,0,12,8,1
689,NorAfr_Subtropical dry forest_Urban built up,0,0,17,17,1
690,NorAfr_Subtropical dry forest_Bare sparse vegetation,0,0,9,9,1
691,NorAfr_Subtropical dry forest_Permanent water bodies,0,0,13,13,1
692,NorAfr_Subtropical dry forest_Herbaceous wetland,0,0,15,11,1
693,NorAfr_Subtropical dry forest_Closed forest evergreen broad leaf,0,0,87,16,1
694,NorAfr_Subtropical dry forest_Closed forest deciduous broad leaf,0.08,0.07,126,3,0
695,NorAfr_Subtropical dry forest_Closed forest mixed,0.08,0.07,117,6,0
696,NorAfr_Subtropical dry forest_Closed forest undefined,0.08,0.07,116,6,0
697,NorAfr_Subtropical dry forest_Open forest deciduous broad leaf,0.13,0.12,73,9,0
698,NorAfr_Subtropical dry forest_Open forest mixed,0.14,0.12,71,3,0
699,NorAfr_Subtropical dry forest_Open forest undefined,0.13,0.12,75,10,0
700,NorAfr_Subtropical dry forest_Oceans seas,0,0,22,18,1
701,NorAfr_Subtropical steppe_Shrubs,0.09,0.08,54,5,0
702,NorAfr_Subtropical steppe_Herbaceous vegetation,0,0,8,9,1
703,NorAfr_Subtropical steppe_Agriculture,0,0,9,6,1
704,NorAfr_Subtropical steppe_Urban built up,0,0,11,13,1
705,NorAfr_Subtropical steppe_Bare sparse vegetation,0,0,3,6,1
706,NorAfr_Subtropical steppe_Permanent water bodies,0,0,8,9,1
707,NorAfr_Subtropical steppe_Herbaceous wetland,0,0,5,5,1
708,NorAfr_Subtropical steppe_Closed forest mixed,0,0,30,4,1
709,NorAfr_Subtropical steppe_Closed forest undefined,0.09,0.08,52,5,0
710,NorAfr_Subtropical steppe_Open forest deciduous broad leaf,0.09,0.08,56,5,0
711,NorAfr_Subtropical steppe_Open forest mixed,0.07,0.06,70,3,0
712,NorAfr_Subtropical steppe_Open forest undefined,0.08,0.07,62,6,0
713,NorAfr_Subtropical steppe_Oceans seas,0,0,10,11,1
714,NorAfr_Subtropical mountain system_Shrubs,0.17,0.15,60,6,0
715,NorAfr_Subtropical mountain system_Herbaceous vegetation,0,0,22,15,1
716,NorAfr_Subtropical mountain system_Agriculture,0,0,12,10,1
717,NorAfr_Subtropical mountain system_Urban built up,0,0,22,17,1
718,NorAfr_Subtropical mountain system_Bare sparse vegetation,0,0,14,13,1
719,NorAfr_Subtropical mountain system_Permanent water bodies,0,0,20,17,1
720,NorAfr_Subtropical mountain system_Herbaceous wetland,0,0,38,5,1
721,NorAfr_Subtropical mountain system_Closed forest evergreen broad leaf,0,0,57,14,1
722,NorAfr_Subtropical mountain system_Closed forest deciduous broad leaf,0.08,0.07,122,3,0
723,NorAfr_Subtropical mountain system_Closed forest mixed,0.1,0.09,104,11,0
724,NorAfr_Subtropical mountain system_Closed forest undefined,0.09,0.08,116,8,0
725,NorAfr_Subtropical mountain system_Open forest deciduous broad leaf,0.14,0.12,72,4,0
726,NorAfr_Subtropical mountain system_Open forest mixed,0.14,0.12,74,3,0
727,NorAfr_Subtropical mountain system_Open forest undefined,0.14,0.12,72,6,0
728,OCEANIA_Tropical rainforest_No Data,0,0,207,52,1
729,OCEANIA_Tropical rainforest_Shrubs,0.08,0.09,169,27,0
730,OCEANIA_Tropical rainforest_Herbaceous vegetation,0,0,58,49,1
731,OCEANIA_Tropical rainforest_Agriculture,0,0,73,55,1
732,OCEANIA_Tropical rainforest_Urban built up,0,0,65,48,1
733,OCEANIA_Tropical rainforest_Bare sparse vegetation,0,0,58,59,1
734,OCEANIA_Tropical rainforest_Permanent water bodies,0,0,112,73,1
735,OCEANIA_Tropical rainforest_Herbaceous wetland,0,0,86,72,1
736,OCEANIA_Tropical rainforest_Closed forest evergreen broad leaf,0.04,0.05,339,22,0
737,OCEANIA_Tropical rainforest_Closed forest undefined,0.04,0.05,331,22,0
738,OCEANIA_Tropical rainforest_Open forest evergreen broad leaf,0.06,0.07,229,22,0
739,OCEANIA_Tropical rainforest_Open forest undefined,0.05,0.06,263,30,0
740,OCEANIA_Tropical rainforest_Oceans seas,0,0,109,57,1
741,OCEANIA_Tropical moist forest_Shrubs,0.05,0.02,180,62,0
742,OCEANIA_Tropical moist forest_Herbaceous vegetation,0,0,70,40,1
743,OCEANIA_Tropical moist forest_Permanent water bodies,0,0,72,47,1
744,OCEANIA_Tropical moist forest_Herbaceous wetland,0,0,78,42,1
745,OCEANIA_Tropical moist forest_Closed forest evergreen broad leaf,0.03,0.01,350,29,0
746,OCEANIA_Tropical moist forest_Closed forest undefined,0.04,0.01,267,39,0
747,OCEANIA_Tropical moist forest_Open forest evergreen broad leaf,0.05,0.02,185,22,0
748,OCEANIA_Tropical moist forest_Open forest undefined,0.05,0.02,200,33,0
749,OCEANIA_Tropical moist forest_Oceans seas,0,0,41,14,1
750,OCEANIA_Tropical dry forest_Shrubs,0,0,30,15,1
751,OCEANIA_Tropical dry forest_Herbaceous vegetation,0,0,44,37,1
752,OCEANIA_Tropical dry forest_Agriculture,0,0,43,17,1
753,OCEANIA_Tropical dry forest_Urban built up,0,0,19,26,1
754,OCEANIA_Tropical dry forest_Bare sparse vegetation,0,0,8,1,1
755,OCEANIA_Tropical dry forest_Permanent water bodies,0,0,50,34,1
756,OCEANIA_Tropical dry forest_Herbaceous wetland,0,0,30,25,1
757,OCEANIA_Tropical dry forest_Closed forest evergreen broad leaf,0.05,0.05,287,23,0
758,OCEANIA_Tropical dry forest_Closed forest undefined,0.09,0.08,177,25,0
759,OCEANIA_Tropical dry forest_Open forest evergreen broad leaf,0.08,0.07,197,28,0
760,OCEANIA_Tropical dry forest_Open forest undefined,0.09,0.08,170,21,0
761,OCEANIA_Tropical dry forest_Oceans seas,0,0,41,26,1
762,OCEANIA_Tropical mountain system_No Data,0,0,277,32,1
763,OCEANIA_Tropical mountain system_Shrubs,0.06,0.07,181,18,0
764,OCEANIA_Tropical mountain system_Herbaceous vegetation,0,0,84,51,1
765,OCEANIA_Tropical mountain system_Agriculture,0,0,90,1,1
766,OCEANIA_Tropical mountain system_Urban built up,0,0,91,43,1
767,OCEANIA_Tropical mountain system_Bare sparse vegetation,0,0,37,25,1
768,OCEANIA_Tropical mountain system_Permanent water bodies,0,0,112,46,1
769,OCEANIA_Tropical mountain system_Herbaceous wetland,0,0,124,75,1
770,OCEANIA_Tropical mountain system_Closed forest evergreen broad leaf,0.04,0.04,328,20,0
771,OCEANIA_Tropical mountain system_Closed forest undefined,0.03,0.04,345,28,0
772,OCEANIA_Tropical mountain system_Open forest evergreen broad leaf,0.05,0.05,232,22,0
773,OCEANIA_Tropical mountain system_Open forest undefined,0.05,0.05,249,33,0
