iso3,country,region,area,fuel,year,fuel_tons1,fuel_tons2,fuel_tons3,,,
MWI,Malawi,ssa,Urban,fuelwood,2010,1181067.353,1383673.666,1,,fuel_tons1,"residential only - pulls directly from ""BAU_fuel_cons"""
MWI,Malawi,ssa,Urban,fuelwood,2011,1201469.715,1410043.642,1,,fuel_tons2,adds non-residential demand to fuel_tons1
MWI,Malawi,ssa,Urban,fuelwood,2012,1220421.083,1434951.218,1,,fuel_tons3,Near-zero demand to allow regeneration
MWI,Malawi,ssa,Urban,fuelwood,2013,1237853.096,1458329.771,1,,,
MWI,Malawi,ssa,Urban,fuelwood,2014,1253712.597,1480131.835,1,,,
MWI,Malawi,ssa,Urban,fuelwood,2015,1267902.95,1500260.084,1,,,
MWI,Malawi,ssa,Urban,fuelwood,2016,1280263.162,1518542.242,1,,,
MWI,Malawi,ssa,Urban,fuelwood,2017,1290580.255,1534745.063,1,,,
MWI,Malawi,ssa,Urban,fuelwood,2018,1298634.16,1548627.174,1,,,
MWI,Malawi,ssa,Urban,fuelwood,2019,1304182.148,1559920.392,1,,,
MWI,Malawi,ssa,Urban,fuelwood,2020,1306980.446,1568355.291,1,,,
MWI,Malawi,ssa,Urban,fuelwood,2021,1306800.864,1573681.2,1,,,
MWI,Malawi,ssa,Urban,fuelwood,2022,1303410.984,1575642.611,1,,,
MWI,Malawi,ssa,Urban,fuelwood,2023,1296551.249,1573951.328,1,,,
MWI,Malawi,ssa,Urban,fuelwood,2024,1285953.728,1568308.659,1,,,
MWI,Malawi,ssa,Urban,fuelwood,2025,1288894.571,1577801.887,1,,,
MWI,Malawi,ssa,Urban,fuelwood,2026,1289049.157,1584390.782,1,,,
MWI,Malawi,ssa,Urban,fuelwood,2027,1286223.346,1587858.435,1,,,
MWI,Malawi,ssa,Urban,fuelwood,2028,1280209.446,1587970.691,1,,,
MWI,Malawi,ssa,Urban,fuelwood,2029,1270796.745,1584488.746,1,,,
MWI,Malawi,ssa,Urban,fuelwood,2030,1257783.172,1577183.436,1,,,
MWI,Malawi,ssa,Urban,fuelwood,2031,1240974.914,1565834.78,1,,,
MWI,Malawi,ssa,Urban,fuelwood,2032,1220186.253,1550231.789,1,,,
MWI,Malawi,ssa,Urban,fuelwood,2033,1195225.741,1530154.781,1,,,
MWI,Malawi,ssa,Urban,fuelwood,2034,1165884.603,1505359.667,1,,,
MWI,Malawi,ssa,Urban,fuelwood,2035,1132342.664,1476105.364,1,,,
MWI,Malawi,ssa,Urban,fuelwood,2036,1094361.848,1442117.291,1,,,
MWI,Malawi,ssa,Urban,fuelwood,2037,1051767.007,1403201.279,1,,,
MWI,Malawi,ssa,Urban,fuelwood,2038,1004390.488,1359173.098,1,,,
MWI,Malawi,ssa,Urban,fuelwood,2039,952065.2013,1309849.659,1,,,
MWI,Malawi,ssa,Urban,fuelwood,2040,894620.0224,1255042.837,1,,,
MWI,Malawi,ssa,Urban,fuelwood,2041,831877.7866,1194556.259,1,,,
MWI,Malawi,ssa,Urban,fuelwood,2042,763660.329,1128191.773,1,,,
MWI,Malawi,ssa,Urban,fuelwood,2043,689792.3787,1055754.926,1,,,
MWI,Malawi,ssa,Urban,fuelwood,2044,610099.4071,977051.9318,1,,,
MWI,Malawi,ssa,Urban,fuelwood,2045,524407.354,891889.0586,1,,,
MWI,Malawi,ssa,Urban,fuelwood,2046,432543.3,800073.2873,1,,,
MWI,Malawi,ssa,Urban,fuelwood,2047,334336.1611,701412.8595,1,,,
MWI,Malawi,ssa,Urban,fuelwood,2048,229618.3767,595719.7351,1,,,
MWI,Malawi,ssa,Urban,fuelwood,2049,118226.0025,482809.1026,1,,,
MWI,Malawi,ssa,Urban,fuelwood,2050,0,362501.3851,1,,,
MWI,Malawi,ssa,Urban,charcoal,2010,2885513.881,3188492.839,1,,,
MWI,Malawi,ssa,Urban,charcoal,2011,3096829.807,3421996.936,1,,,
MWI,Malawi,ssa,Urban,charcoal,2012,3320141.74,3668756.622,1,,,
MWI,Malawi,ssa,Urban,charcoal,2013,3556163.468,3929560.632,1,,,
MWI,Malawi,ssa,Urban,charcoal,2014,3805734.264,4205336.362,1,,,
MWI,Malawi,ssa,Urban,charcoal,2015,4069657.741,4496971.804,1,,,
MWI,Malawi,ssa,Urban,charcoal,2016,4348609.278,4805213.252,1,,,
MWI,Malawi,ssa,Urban,charcoal,2017,4643132.937,5130661.895,1,,,
MWI,Malawi,ssa,Urban,charcoal,2018,4953767.306,5473912.874,1,,,
MWI,Malawi,ssa,Urban,charcoal,2019,5280978.563,5835481.312,1,,,
MWI,Malawi,ssa,Urban,charcoal,2020,5625228.787,6215877.809,1,,,
MWI,Malawi,ssa,Urban,charcoal,2021,5987050.767,6615691.098,1,,,
MWI,Malawi,ssa,Urban,charcoal,2022,6366974.715,7035507.06,1,,,
MWI,Malawi,ssa,Urban,charcoal,2023,6765406.092,7475773.732,1,,,
MWI,Malawi,ssa,Urban,charcoal,2024,7182684.908,7936866.824,1,,,
MWI,Malawi,ssa,Urban,charcoal,2025,7551235.409,8344115.127,1,,,
MWI,Malawi,ssa,Urban,charcoal,2026,7933654.98,8766688.753,1,,,
MWI,Malawi,ssa,Urban,charcoal,2027,8330043.039,9204697.558,1,,,
MWI,Malawi,ssa,Urban,charcoal,2028,8740380.623,9658120.588,1,,,
MWI,Malawi,ssa,Urban,charcoal,2029,9164574.15,10126854.44,1,,,
MWI,Malawi,ssa,Urban,charcoal,2030,9602524.835,10610789.94,1,,,
MWI,Malawi,ssa,Urban,charcoal,2031,10054127.08,11109810.43,1,,,
MWI,Malawi,ssa,Urban,charcoal,2032,10519268,11623791.14,1,,,
MWI,Malawi,ssa,Urban,charcoal,2033,10997701.03,12152459.63,1,,,
MWI,Malawi,ssa,Urban,charcoal,2034,11488887.66,12695220.87,1,,,
MWI,Malawi,ssa,Urban,charcoal,2035,11996193.41,13255793.71,1,,,
MWI,Malawi,ssa,Urban,charcoal,2036,12519228.58,13833747.59,1,,,
MWI,Malawi,ssa,Urban,charcoal,2037,13058173.71,14429281.95,1,,,
MWI,Malawi,ssa,Urban,charcoal,2038,13613298.46,15042694.8,1,,,
MWI,Malawi,ssa,Urban,charcoal,2039,14184903.03,15674317.84,1,,,
MWI,Malawi,ssa,Urban,charcoal,2040,14773257.93,16324450.01,1,,,
MWI,Malawi,ssa,Urban,charcoal,2041,15378547.57,16993295.07,1,,,
MWI,Malawi,ssa,Urban,charcoal,2042,16000917.4,17681013.73,1,,,
MWI,Malawi,ssa,Urban,charcoal,2043,16640539.06,18387795.66,1,,,
MWI,Malawi,ssa,Urban,charcoal,2044,17297574.25,19113819.55,1,,,
MWI,Malawi,ssa,Urban,charcoal,2045,17972156.37,19859232.79,1,,,
MWI,Malawi,ssa,Urban,charcoal,2046,18664384.77,20624145.18,1,,,
MWI,Malawi,ssa,Urban,charcoal,2047,19374310.78,21408613.41,1,,,
MWI,Malawi,ssa,Urban,charcoal,2048,20101970.89,22212677.83,1,,,
MWI,Malawi,ssa,Urban,charcoal,2049,20847351.35,23036323.25,1,,,
MWI,Malawi,ssa,Urban,charcoal,2050,21610421.21,23879515.44,1,,,
MWI,Malawi,ssa,Urban,Imp_fuelwood,2010,0,0,1,,,
MWI,Malawi,ssa,Urban,Imp_fuelwood,2011,0,0,1,,,
MWI,Malawi,ssa,Urban,Imp_fuelwood,2012,0,0,1,,,
MWI,Malawi,ssa,Urban,Imp_fuelwood,2013,0,0,1,,,
MWI,Malawi,ssa,Urban,Imp_fuelwood,2014,1577.726884,1577.726884,1,,,
MWI,Malawi,ssa,Urban,Imp_fuelwood,2015,5209.422585,5209.422585,1,,,
MWI,Malawi,ssa,Urban,Imp_fuelwood,2016,9175.634383,9175.634383,1,,,
MWI,Malawi,ssa,Urban,Imp_fuelwood,2017,13495.57615,13495.57615,1,,,
MWI,Malawi,ssa,Urban,Imp_fuelwood,2018,18188.71555,18188.71555,1,,,
MWI,Malawi,ssa,Urban,Imp_fuelwood,2019,23274.43239,23274.43239,1,,,
MWI,Malawi,ssa,Urban,Imp_fuelwood,2020,28772.08993,28772.08993,1,,,
MWI,Malawi,ssa,Urban,Imp_fuelwood,2021,34701.45408,34701.45408,1,,,
MWI,Malawi,ssa,Urban,Imp_fuelwood,2022,41082.45321,41082.45321,1,,,
MWI,Malawi,ssa,Urban,Imp_fuelwood,2023,47934.28835,47934.28835,1,,,
MWI,Malawi,ssa,Urban,Imp_fuelwood,2024,55275.4949,55275.4949,1,,,
MWI,Malawi,ssa,Urban,Imp_fuelwood,2025,62708.14853,62708.14853,1,,,
MWI,Malawi,ssa,Urban,Imp_fuelwood,2026,70631.71685,70631.71685,1,,,
MWI,Malawi,ssa,Urban,Imp_fuelwood,2027,79062.41731,79062.41731,1,,,
MWI,Malawi,ssa,Urban,Imp_fuelwood,2028,88014.9992,88014.9992,1,,,
MWI,Malawi,ssa,Urban,Imp_fuelwood,2029,97502.8837,97502.8837,1,,,
MWI,Malawi,ssa,Urban,Imp_fuelwood,2030,107538.7541,107538.7541,1,,,
MWI,Malawi,ssa,Urban,Imp_fuelwood,2031,118134.5501,118134.5501,1,,,
MWI,Malawi,ssa,Urban,Imp_fuelwood,2032,129301.4699,129301.4699,1,,,
MWI,Malawi,ssa,Urban,Imp_fuelwood,2033,141048.3561,141048.3561,1,,,
MWI,Malawi,ssa,Urban,Imp_fuelwood,2034,153379.257,153379.257,1,,,
MWI,Malawi,ssa,Urban,Imp_fuelwood,2035,166350.8925,166350.8925,1,,,
MWI,Malawi,ssa,Urban,Imp_fuelwood,2036,179972.5352,179972.5352,1,,,
MWI,Malawi,ssa,Urban,Imp_fuelwood,2037,194260.7007,194260.7007,1,,,
MWI,Malawi,ssa,Urban,Imp_fuelwood,2038,209233.2077,209233.2077,1,,,
MWI,Malawi,ssa,Urban,Imp_fuelwood,2039,224908.4677,224908.4677,1,,,
MWI,Malawi,ssa,Urban,Imp_fuelwood,2040,241304.5701,241304.5701,1,,,
MWI,Malawi,ssa,Urban,Imp_fuelwood,2041,258438.2585,258438.2585,1,,,
MWI,Malawi,ssa,Urban,Imp_fuelwood,2042,276325.5402,276325.5402,1,,,
MWI,Malawi,ssa,Urban,Imp_fuelwood,2043,294982.7557,294982.7557,1,,,
MWI,Malawi,ssa,Urban,Imp_fuelwood,2044,314425.9851,314425.9851,1,,,
MWI,Malawi,ssa,Urban,Imp_fuelwood,2045,334670.6868,334670.6868,1,,,
MWI,Malawi,ssa,Urban,Imp_fuelwood,2046,355731.53,355731.53,1,,,
MWI,Malawi,ssa,Urban,Imp_fuelwood,2047,377622.0528,377622.0528,1,,,
MWI,Malawi,ssa,Urban,Imp_fuelwood,2048,400355.2298,400355.2298,1,,,
MWI,Malawi,ssa,Urban,Imp_fuelwood,2049,423942.7284,423942.7284,1,,,
MWI,Malawi,ssa,Urban,Imp_fuelwood,2050,448395.5018,448395.5018,1,,,
MWI,Malawi,ssa,Urban,Imp_charcoal,2010,0,0,1,,,
MWI,Malawi,ssa,Urban,Imp_charcoal,2011,0,0,1,,,
MWI,Malawi,ssa,Urban,Imp_charcoal,2012,0,0,1,,,
MWI,Malawi,ssa,Urban,Imp_charcoal,2013,0,0,1,,,
MWI,Malawi,ssa,Urban,Imp_charcoal,2014,175.3029871,175.3029871,1,,,
MWI,Malawi,ssa,Urban,Imp_charcoal,2015,578.8247316,578.8247316,1,,,
MWI,Malawi,ssa,Urban,Imp_charcoal,2016,1019.514931,1019.514931,1,,,
MWI,Malawi,ssa,Urban,Imp_charcoal,2017,1499.508461,1499.508461,1,,,
MWI,Malawi,ssa,Urban,Imp_charcoal,2018,2020.968394,2020.968394,1,,,
MWI,Malawi,ssa,Urban,Imp_charcoal,2019,2586.048043,2586.048043,1,,,
MWI,Malawi,ssa,Urban,Imp_charcoal,2020,3196.898881,3196.898881,1,,,
MWI,Malawi,ssa,Urban,Imp_charcoal,2021,3855.71712,3855.71712,1,,,
MWI,Malawi,ssa,Urban,Imp_charcoal,2022,4564.717024,4564.717024,1,,,
MWI,Malawi,ssa,Urban,Imp_charcoal,2023,5326.032039,5326.032039,1,,,
MWI,Malawi,ssa,Urban,Imp_charcoal,2024,6141.721655,6141.721655,1,,,
MWI,Malawi,ssa,Urban,Imp_charcoal,2025,6967.572059,6967.572059,1,,,
MWI,Malawi,ssa,Urban,Imp_charcoal,2026,7847.968539,7847.968539,1,,,
MWI,Malawi,ssa,Urban,Imp_charcoal,2027,8784.713034,8784.713034,1,,,
MWI,Malawi,ssa,Urban,Imp_charcoal,2028,9779.444356,9779.444356,1,,,
MWI,Malawi,ssa,Urban,Imp_charcoal,2029,10833.65374,10833.65374,1,,,
MWI,Malawi,ssa,Urban,Imp_charcoal,2030,11948.75046,11948.75046,1,,,
MWI,Malawi,ssa,Urban,Imp_charcoal,2031,13126.06112,13126.06112,1,,,
MWI,Malawi,ssa,Urban,Imp_charcoal,2032,14366.82999,14366.82999,1,,,
MWI,Malawi,ssa,Urban,Imp_charcoal,2033,15672.03957,15672.03957,1,,,
MWI,Malawi,ssa,Urban,Imp_charcoal,2034,17042.13967,17042.13967,1,,,
MWI,Malawi,ssa,Urban,Imp_charcoal,2035,18483.4325,18483.4325,1,,,
MWI,Malawi,ssa,Urban,Imp_charcoal,2036,19996.94835,19996.94835,1,,,
MWI,Malawi,ssa,Urban,Imp_charcoal,2037,21584.52229,21584.52229,1,,,
MWI,Malawi,ssa,Urban,Imp_charcoal,2038,23248.13419,23248.13419,1,,,
MWI,Malawi,ssa,Urban,Imp_charcoal,2039,24989.82974,24989.82974,1,,,
MWI,Malawi,ssa,Urban,Imp_charcoal,2040,26811.6189,26811.6189,1,,,
MWI,Malawi,ssa,Urban,Imp_charcoal,2041,28715.36205,28715.36205,1,,,
MWI,Malawi,ssa,Urban,Imp_charcoal,2042,30702.8378,30702.8378,1,,,
MWI,Malawi,ssa,Urban,Imp_charcoal,2043,32775.86174,32775.86174,1,,,
MWI,Malawi,ssa,Urban,Imp_charcoal,2044,34936.22057,34936.22057,1,,,
MWI,Malawi,ssa,Urban,Imp_charcoal,2045,37185.63187,37185.63187,1,,,
MWI,Malawi,ssa,Urban,Imp_charcoal,2046,39525.72556,39525.72556,1,,,
MWI,Malawi,ssa,Urban,Imp_charcoal,2047,41958.00587,41958.00587,1,,,
MWI,Malawi,ssa,Urban,Imp_charcoal,2048,44483.91442,44483.91442,1,,,
MWI,Malawi,ssa,Urban,Imp_charcoal,2049,47104.7476,47104.7476,1,,,
MWI,Malawi,ssa,Urban,Imp_charcoal,2050,49821.72243,49821.72243,1,,,
MWI,Malawi,ssa,Urban,gas,2010,0,0,1,,,
MWI,Malawi,ssa,Urban,gas,2011,0,0,1,,,
MWI,Malawi,ssa,Urban,gas,2012,81.69906235,81.69906235,1,,,
MWI,Malawi,ssa,Urban,gas,2013,190.2370632,190.2370632,1,,,
MWI,Malawi,ssa,Urban,gas,2014,308.8189456,308.8189456,1,,,
MWI,Malawi,ssa,Urban,gas,2015,438.0454187,438.0454187,1,,,
MWI,Malawi,ssa,Urban,gas,2016,578.5395509,578.5395509,1,,,
MWI,Malawi,ssa,Urban,gas,2017,730.9266863,730.9266863,1,,,
MWI,Malawi,ssa,Urban,gas,2018,895.839562,895.839562,1,,,
MWI,Malawi,ssa,Urban,gas,2019,1073.90327,1073.90327,1,,,
MWI,Malawi,ssa,Urban,gas,2020,1265.742113,1265.742113,1,,,
MWI,Malawi,ssa,Urban,gas,2021,1471.997562,1471.997562,1,,,
MWI,Malawi,ssa,Urban,gas,2022,1693.31588,1693.31588,1,,,
MWI,Malawi,ssa,Urban,gas,2023,1930.312532,1930.312532,1,,,
MWI,Malawi,ssa,Urban,gas,2024,2183.578126,2183.578126,1,,,
MWI,Malawi,ssa,Urban,gas,2025,2188.571743,2188.571743,1,,,
MWI,Malawi,ssa,Urban,gas,2026,2188.834233,2188.834233,1,,,
MWI,Malawi,ssa,Urban,gas,2027,2184.035943,2184.035943,1,,,
MWI,Malawi,ssa,Urban,gas,2028,2173.824207,2173.824207,1,,,
MWI,Malawi,ssa,Urban,gas,2029,2157.841232,2157.841232,1,,,
MWI,Malawi,ssa,Urban,gas,2030,2135.743893,2135.743893,1,,,
MWI,Malawi,ssa,Urban,gas,2031,2107.203096,2107.203096,1,,,
MWI,Malawi,ssa,Urban,gas,2032,2071.903486,2071.903486,1,,,
MWI,Malawi,ssa,Urban,gas,2033,2029.51998,2029.51998,1,,,
MWI,Malawi,ssa,Urban,gas,2034,1979.698072,1979.698072,1,,,
MWI,Malawi,ssa,Urban,gas,2035,1922.743111,1922.743111,1,,,
MWI,Malawi,ssa,Urban,gas,2036,1858.250839,1858.250839,1,,,
MWI,Malawi,ssa,Urban,gas,2037,1785.923847,1785.923847,1,,,
MWI,Malawi,ssa,Urban,gas,2038,1705.477462,1705.477462,1,,,
MWI,Malawi,ssa,Urban,gas,2039,1616.627957,1616.627957,1,,,
MWI,Malawi,ssa,Urban,gas,2040,1519.084762,1519.084762,1,,,
MWI,Malawi,ssa,Urban,gas,2041,1412.547045,1412.547045,1,,,
MWI,Malawi,ssa,Urban,gas,2042,1296.71228,1296.71228,1,,,
MWI,Malawi,ssa,Urban,gas,2043,1171.282852,1171.282852,1,,,
MWI,Malawi,ssa,Urban,gas,2044,1035.962408,1035.962408,1,,,
MWI,Malawi,ssa,Urban,gas,2045,890.4553892,890.4553892,1,,,
MWI,Malawi,ssa,Urban,gas,2046,734.4681756,734.4681756,1,,,
MWI,Malawi,ssa,Urban,gas,2047,567.7102623,567.7102623,1,,,
MWI,Malawi,ssa,Urban,gas,2048,389.8971275,389.8971275,1,,,
MWI,Malawi,ssa,Urban,gas,2049,200.7503904,200.7503904,1,,,
MWI,Malawi,ssa,Urban,gas,2050,0,0,1,,,
MWI,Malawi,ssa,Urban,kerosene,2010,241.8138208,241.8138208,1,,,
MWI,Malawi,ssa,Urban,kerosene,2011,235.0285756,235.0285756,1,,,
MWI,Malawi,ssa,Urban,kerosene,2012,226.8911483,226.8911483,1,,,
MWI,Malawi,ssa,Urban,kerosene,2013,217.327744,217.327744,1,,,
MWI,Malawi,ssa,Urban,kerosene,2014,206.2616827,206.2616827,1,,,
MWI,Malawi,ssa,Urban,kerosene,2015,193.6025909,193.6025909,1,,,
MWI,Malawi,ssa,Urban,kerosene,2016,179.2449507,179.2449507,1,,,
MWI,Malawi,ssa,Urban,kerosene,2017,163.0728933,163.0728933,1,,,
MWI,Malawi,ssa,Urban,kerosene,2018,144.9682929,144.9682929,1,,,
MWI,Malawi,ssa,Urban,kerosene,2019,124.8095417,124.8095417,1,,,
MWI,Malawi,ssa,Urban,kerosene,2020,102.4749239,102.4749239,1,,,
MWI,Malawi,ssa,Urban,kerosene,2021,77.84369803,77.84369803,1,,,
MWI,Malawi,ssa,Urban,kerosene,2022,50.79373079,50.79373079,1,,,
MWI,Malawi,ssa,Urban,kerosene,2023,21.20129998,21.20129998,1,,,
MWI,Malawi,ssa,Urban,kerosene,2024,0,0,1,,,
MWI,Malawi,ssa,Urban,kerosene,2025,0,0,1,,,
MWI,Malawi,ssa,Urban,kerosene,2026,0,0,1,,,
MWI,Malawi,ssa,Urban,kerosene,2027,0,0,1,,,
MWI,Malawi,ssa,Urban,kerosene,2028,0,0,1,,,
MWI,Malawi,ssa,Urban,kerosene,2029,0,0,1,,,
MWI,Malawi,ssa,Urban,kerosene,2030,0,0,1,,,
MWI,Malawi,ssa,Urban,kerosene,2031,0,0,1,,,
MWI,Malawi,ssa,Urban,kerosene,2032,0,0,1,,,
MWI,Malawi,ssa,Urban,kerosene,2033,0,0,1,,,
MWI,Malawi,ssa,Urban,kerosene,2034,0,0,1,,,
MWI,Malawi,ssa,Urban,kerosene,2035,0,0,1,,,
MWI,Malawi,ssa,Urban,kerosene,2036,0,0,1,,,
MWI,Malawi,ssa,Urban,kerosene,2037,0,0,1,,,
MWI,Malawi,ssa,Urban,kerosene,2038,0,0,1,,,
MWI,Malawi,ssa,Urban,kerosene,2039,0,0,1,,,
MWI,Malawi,ssa,Urban,kerosene,2040,0,0,1,,,
MWI,Malawi,ssa,Urban,kerosene,2041,0,0,1,,,
MWI,Malawi,ssa,Urban,kerosene,2042,0,0,1,,,
MWI,Malawi,ssa,Urban,kerosene,2043,0,0,1,,,
MWI,Malawi,ssa,Urban,kerosene,2044,0,0,1,,,
MWI,Malawi,ssa,Urban,kerosene,2045,0,0,1,,,
MWI,Malawi,ssa,Urban,kerosene,2046,0,0,1,,,
MWI,Malawi,ssa,Urban,kerosene,2047,0,0,1,,,
MWI,Malawi,ssa,Urban,kerosene,2048,0,0,1,,,
MWI,Malawi,ssa,Urban,kerosene,2049,0,0,1,,,
MWI,Malawi,ssa,Urban,kerosene,2050,0,0,1,,,
MWI,Malawi,ssa,Urban,electric,2010,199935.4586,199935.4586,1,,,
MWI,Malawi,ssa,Urban,electric,2011,202761.1958,202761.1958,1,,,
MWI,Malawi,ssa,Urban,electric,2012,205280.8552,205280.8552,1,,,
MWI,Malawi,ssa,Urban,electric,2013,207479.4389,207479.4389,1,,,
MWI,Malawi,ssa,Urban,electric,2014,209344.1786,209344.1786,1,,,
MWI,Malawi,ssa,Urban,electric,2015,210854.6711,210854.6711,1,,,
MWI,Malawi,ssa,Urban,electric,2016,211979.5064,211979.5064,1,,,
MWI,Malawi,ssa,Urban,electric,2017,212678.4907,212678.4907,1,,,
MWI,Malawi,ssa,Urban,electric,2018,212910.1838,212910.1838,1,,,
MWI,Malawi,ssa,Urban,electric,2019,212629.3755,212629.3755,1,,,
MWI,Malawi,ssa,Urban,electric,2020,211790.6854,211790.6854,1,,,
MWI,Malawi,ssa,Urban,electric,2021,210351.2439,210351.2439,1,,,
MWI,Malawi,ssa,Urban,electric,2022,208267.4356,208267.4356,1,,,
MWI,Malawi,ssa,Urban,electric,2023,205491.2779,205491.2779,1,,,
MWI,Malawi,ssa,Urban,electric,2024,201973.546,201973.546,1,,,
MWI,Malawi,ssa,Urban,electric,2025,202435.4386,202435.4386,1,,,
MWI,Malawi,ssa,Urban,electric,2026,202459.718,202459.718,1,,,
MWI,Malawi,ssa,Urban,electric,2027,202015.8926,202015.8926,1,,,
MWI,Malawi,ssa,Urban,electric,2028,201071.3417,201071.3417,1,,,
MWI,Malawi,ssa,Urban,electric,2029,199592.9709,199592.9709,1,,,
MWI,Malawi,ssa,Urban,electric,2030,197549.0423,197549.0423,1,,,
MWI,Malawi,ssa,Urban,electric,2031,194909.1157,194909.1157,1,,,
MWI,Malawi,ssa,Urban,electric,2032,191644.0219,191644.0219,1,,,
MWI,Malawi,ssa,Urban,electric,2033,187723.6917,187723.6917,1,,,
MWI,Malawi,ssa,Urban,electric,2034,183115.3348,183115.3348,1,,,
MWI,Malawi,ssa,Urban,electric,2035,177847.1947,177847.1947,1,,,
MWI,Malawi,ssa,Urban,electric,2036,171881.879,171881.879,1,,,
MWI,Malawi,ssa,Urban,electric,2037,165191.8784,165191.8784,1,,,
MWI,Malawi,ssa,Urban,electric,2038,157750.8616,157750.8616,1,,,
MWI,Malawi,ssa,Urban,electric,2039,149532.5847,149532.5847,1,,,
MWI,Malawi,ssa,Urban,electric,2040,140510.171,140510.171,1,,,
MWI,Malawi,ssa,Urban,electric,2041,130655.7948,130655.7948,1,,,
MWI,Malawi,ssa,Urban,electric,2042,119941.4732,119941.4732,1,,,
MWI,Malawi,ssa,Urban,electric,2043,108339.678,108339.678,1,,,
MWI,Malawi,ssa,Urban,electric,2044,95822.99735,95822.99735,1,,,
MWI,Malawi,ssa,Urban,electric,2045,82364.09331,82364.09331,1,,,
MWI,Malawi,ssa,Urban,electric,2046,67935.80687,67935.80687,1,,,
MWI,Malawi,ssa,Urban,electric,2047,52511.26737,52511.26737,1,,,
MWI,Malawi,ssa,Urban,electric,2048,36064.15749,36064.15749,1,,,
MWI,Malawi,ssa,Urban,electric,2049,18568.72796,18568.72796,1,,,
MWI,Malawi,ssa,Urban,electric,2050,0,0,1,,,
MWI,Malawi,ssa,Urban,pellets,2010,0,0,1,,,
MWI,Malawi,ssa,Urban,pellets,2011,0,0,1,,,
MWI,Malawi,ssa,Urban,pellets,2012,0,0,1,,,
MWI,Malawi,ssa,Urban,pellets,2013,0,0,1,,,
MWI,Malawi,ssa,Urban,pellets,2014,0,0,1,,,
MWI,Malawi,ssa,Urban,pellets,2015,0,0,1,,,
MWI,Malawi,ssa,Urban,pellets,2016,0,0,1,,,
MWI,Malawi,ssa,Urban,pellets,2017,0,0,1,,,
MWI,Malawi,ssa,Urban,pellets,2018,0,0,1,,,
MWI,Malawi,ssa,Urban,pellets,2019,0,0,1,,,
MWI,Malawi,ssa,Urban,pellets,2020,0,0,1,,,
MWI,Malawi,ssa,Urban,pellets,2021,0,0,1,,,
MWI,Malawi,ssa,Urban,pellets,2022,0,0,1,,,
MWI,Malawi,ssa,Urban,pellets,2023,0,0,1,,,
MWI,Malawi,ssa,Urban,pellets,2024,0,0,1,,,
MWI,Malawi,ssa,Urban,pellets,2025,0,0,1,,,
MWI,Malawi,ssa,Urban,pellets,2026,0,0,1,,,
MWI,Malawi,ssa,Urban,pellets,2027,0,0,1,,,
MWI,Malawi,ssa,Urban,pellets,2028,0,0,1,,,
MWI,Malawi,ssa,Urban,pellets,2029,0,0,1,,,
MWI,Malawi,ssa,Urban,pellets,2030,0,0,1,,,
MWI,Malawi,ssa,Urban,pellets,2031,0,0,1,,,
MWI,Malawi,ssa,Urban,pellets,2032,0,0,1,,,
MWI,Malawi,ssa,Urban,pellets,2033,0,0,1,,,
MWI,Malawi,ssa,Urban,pellets,2034,0,0,1,,,
MWI,Malawi,ssa,Urban,pellets,2035,0,0,1,,,
MWI,Malawi,ssa,Urban,pellets,2036,0,0,1,,,
MWI,Malawi,ssa,Urban,pellets,2037,0,0,1,,,
MWI,Malawi,ssa,Urban,pellets,2038,0,0,1,,,
MWI,Malawi,ssa,Urban,pellets,2039,0,0,1,,,
MWI,Malawi,ssa,Urban,pellets,2040,0,0,1,,,
MWI,Malawi,ssa,Urban,pellets,2041,0,0,1,,,
MWI,Malawi,ssa,Urban,pellets,2042,0,0,1,,,
MWI,Malawi,ssa,Urban,pellets,2043,0,0,1,,,
MWI,Malawi,ssa,Urban,pellets,2044,0,0,1,,,
MWI,Malawi,ssa,Urban,pellets,2045,0,0,1,,,
MWI,Malawi,ssa,Urban,pellets,2046,0,0,1,,,
MWI,Malawi,ssa,Urban,pellets,2047,0,0,1,,,
MWI,Malawi,ssa,Urban,pellets,2048,0,0,1,,,
MWI,Malawi,ssa,Urban,pellets,2049,0,0,1,,,
MWI,Malawi,ssa,Urban,pellets,2050,0,0,1,,,
MWI,Malawi,ssa,Urban,ethanol,2010,0,0,1,,,
MWI,Malawi,ssa,Urban,ethanol,2011,0,0,1,,,
MWI,Malawi,ssa,Urban,ethanol,2012,0,0,1,,,
MWI,Malawi,ssa,Urban,ethanol,2013,0,0,1,,,
MWI,Malawi,ssa,Urban,ethanol,2014,0,0,1,,,
MWI,Malawi,ssa,Urban,ethanol,2015,0,0,1,,,
MWI,Malawi,ssa,Urban,ethanol,2016,0,0,1,,,
MWI,Malawi,ssa,Urban,ethanol,2017,0,0,1,,,
MWI,Malawi,ssa,Urban,ethanol,2018,0,0,1,,,
MWI,Malawi,ssa,Urban,ethanol,2019,0,0,1,,,
MWI,Malawi,ssa,Urban,ethanol,2020,0,0,1,,,
MWI,Malawi,ssa,Urban,ethanol,2021,0,0,1,,,
MWI,Malawi,ssa,Urban,ethanol,2022,0,0,1,,,
MWI,Malawi,ssa,Urban,ethanol,2023,0,0,1,,,
MWI,Malawi,ssa,Urban,ethanol,2024,0,0,1,,,
MWI,Malawi,ssa,Urban,ethanol,2025,0,0,1,,,
MWI,Malawi,ssa,Urban,ethanol,2026,0,0,1,,,
MWI,Malawi,ssa,Urban,ethanol,2027,0,0,1,,,
MWI,Malawi,ssa,Urban,ethanol,2028,0,0,1,,,
MWI,Malawi,ssa,Urban,ethanol,2029,0,0,1,,,
MWI,Malawi,ssa,Urban,ethanol,2030,0,0,1,,,
MWI,Malawi,ssa,Urban,ethanol,2031,0,0,1,,,
MWI,Malawi,ssa,Urban,ethanol,2032,0,0,1,,,
MWI,Malawi,ssa,Urban,ethanol,2033,0,0,1,,,
MWI,Malawi,ssa,Urban,ethanol,2034,0,0,1,,,
MWI,Malawi,ssa,Urban,ethanol,2035,0,0,1,,,
MWI,Malawi,ssa,Urban,ethanol,2036,0,0,1,,,
MWI,Malawi,ssa,Urban,ethanol,2037,0,0,1,,,
MWI,Malawi,ssa,Urban,ethanol,2038,0,0,1,,,
MWI,Malawi,ssa,Urban,ethanol,2039,0,0,1,,,
MWI,Malawi,ssa,Urban,ethanol,2040,0,0,1,,,
MWI,Malawi,ssa,Urban,ethanol,2041,0,0,1,,,
MWI,Malawi,ssa,Urban,ethanol,2042,0,0,1,,,
MWI,Malawi,ssa,Urban,ethanol,2043,0,0,1,,,
MWI,Malawi,ssa,Urban,ethanol,2044,0,0,1,,,
MWI,Malawi,ssa,Urban,ethanol,2045,0,0,1,,,
MWI,Malawi,ssa,Urban,ethanol,2046,0,0,1,,,
MWI,Malawi,ssa,Urban,ethanol,2047,0,0,1,,,
MWI,Malawi,ssa,Urban,ethanol,2048,0,0,1,,,
MWI,Malawi,ssa,Urban,ethanol,2049,0,0,1,,,
MWI,Malawi,ssa,Urban,ethanol,2050,0,0,1,,,
MWI,Malawi,ssa,Urban,biogas,2010,0,0,1,,,
MWI,Malawi,ssa,Urban,biogas,2011,0,0,1,,,
MWI,Malawi,ssa,Urban,biogas,2012,0,0,1,,,
MWI,Malawi,ssa,Urban,biogas,2013,0,0,1,,,
MWI,Malawi,ssa,Urban,biogas,2014,0,0,1,,,
MWI,Malawi,ssa,Urban,biogas,2015,0,0,1,,,
MWI,Malawi,ssa,Urban,biogas,2016,0,0,1,,,
MWI,Malawi,ssa,Urban,biogas,2017,0,0,1,,,
MWI,Malawi,ssa,Urban,biogas,2018,0,0,1,,,
MWI,Malawi,ssa,Urban,biogas,2019,0,0,1,,,
MWI,Malawi,ssa,Urban,biogas,2020,0,0,1,,,
MWI,Malawi,ssa,Urban,biogas,2021,0,0,1,,,
MWI,Malawi,ssa,Urban,biogas,2022,0,0,1,,,
MWI,Malawi,ssa,Urban,biogas,2023,0,0,1,,,
MWI,Malawi,ssa,Urban,biogas,2024,0,0,1,,,
MWI,Malawi,ssa,Urban,biogas,2025,0,0,1,,,
MWI,Malawi,ssa,Urban,biogas,2026,0,0,1,,,
MWI,Malawi,ssa,Urban,biogas,2027,0,0,1,,,
MWI,Malawi,ssa,Urban,biogas,2028,0,0,1,,,
MWI,Malawi,ssa,Urban,biogas,2029,0,0,1,,,
MWI,Malawi,ssa,Urban,biogas,2030,0,0,1,,,
MWI,Malawi,ssa,Urban,biogas,2031,0,0,1,,,
MWI,Malawi,ssa,Urban,biogas,2032,0,0,1,,,
MWI,Malawi,ssa,Urban,biogas,2033,0,0,1,,,
MWI,Malawi,ssa,Urban,biogas,2034,0,0,1,,,
MWI,Malawi,ssa,Urban,biogas,2035,0,0,1,,,
MWI,Malawi,ssa,Urban,biogas,2036,0,0,1,,,
MWI,Malawi,ssa,Urban,biogas,2037,0,0,1,,,
MWI,Malawi,ssa,Urban,biogas,2038,0,0,1,,,
MWI,Malawi,ssa,Urban,biogas,2039,0,0,1,,,
MWI,Malawi,ssa,Urban,biogas,2040,0,0,1,,,
MWI,Malawi,ssa,Urban,biogas,2041,0,0,1,,,
MWI,Malawi,ssa,Urban,biogas,2042,0,0,1,,,
MWI,Malawi,ssa,Urban,biogas,2043,0,0,1,,,
MWI,Malawi,ssa,Urban,biogas,2044,0,0,1,,,
MWI,Malawi,ssa,Urban,biogas,2045,0,0,1,,,
MWI,Malawi,ssa,Urban,biogas,2046,0,0,1,,,
MWI,Malawi,ssa,Urban,biogas,2047,0,0,1,,,
MWI,Malawi,ssa,Urban,biogas,2048,0,0,1,,,
MWI,Malawi,ssa,Urban,biogas,2049,0,0,1,,,
MWI,Malawi,ssa,Urban,biogas,2050,0,0,1,,,
MWI,Malawi,ssa,Urban,other,2010,0,0,1,,,
MWI,Malawi,ssa,Urban,other,2011,0,0,1,,,
MWI,Malawi,ssa,Urban,other,2012,0,0,1,,,
MWI,Malawi,ssa,Urban,other,2013,0,0,1,,,
MWI,Malawi,ssa,Urban,other,2014,0,0,1,,,
MWI,Malawi,ssa,Urban,other,2015,0,0,1,,,
MWI,Malawi,ssa,Urban,other,2016,0,0,1,,,
MWI,Malawi,ssa,Urban,other,2017,0,0,1,,,
MWI,Malawi,ssa,Urban,other,2018,0,0,1,,,
MWI,Malawi,ssa,Urban,other,2019,0,0,1,,,
MWI,Malawi,ssa,Urban,other,2020,0,0,1,,,
MWI,Malawi,ssa,Urban,other,2021,0,0,1,,,
MWI,Malawi,ssa,Urban,other,2022,0,0,1,,,
MWI,Malawi,ssa,Urban,other,2023,0,0,1,,,
MWI,Malawi,ssa,Urban,other,2024,0,0,1,,,
MWI,Malawi,ssa,Urban,other,2025,0,0,1,,,
MWI,Malawi,ssa,Urban,other,2026,0,0,1,,,
MWI,Malawi,ssa,Urban,other,2027,0,0,1,,,
MWI,Malawi,ssa,Urban,other,2028,0,0,1,,,
MWI,Malawi,ssa,Urban,other,2029,0,0,1,,,
MWI,Malawi,ssa,Urban,other,2030,0,0,1,,,
MWI,Malawi,ssa,Urban,other,2031,0,0,1,,,
MWI,Malawi,ssa,Urban,other,2032,0,0,1,,,
MWI,Malawi,ssa,Urban,other,2033,0,0,1,,,
MWI,Malawi,ssa,Urban,other,2034,0,0,1,,,
MWI,Malawi,ssa,Urban,other,2035,0,0,1,,,
MWI,Malawi,ssa,Urban,other,2036,0,0,1,,,
MWI,Malawi,ssa,Urban,other,2037,0,0,1,,,
MWI,Malawi,ssa,Urban,other,2038,0,0,1,,,
MWI,Malawi,ssa,Urban,other,2039,0,0,1,,,
MWI,Malawi,ssa,Urban,other,2040,0,0,1,,,
MWI,Malawi,ssa,Urban,other,2041,0,0,1,,,
MWI,Malawi,ssa,Urban,other,2042,0,0,1,,,
MWI,Malawi,ssa,Urban,other,2043,0,0,1,,,
MWI,Malawi,ssa,Urban,other,2044,0,0,1,,,
MWI,Malawi,ssa,Urban,other,2045,0,0,1,,,
MWI,Malawi,ssa,Urban,other,2046,0,0,1,,,
MWI,Malawi,ssa,Urban,other,2047,0,0,1,,,
MWI,Malawi,ssa,Urban,other,2048,0,0,1,,,
MWI,Malawi,ssa,Urban,other,2049,0,0,1,,,
MWI,Malawi,ssa,Urban,other,2050,0,0,1,,,
MWI,Malawi,ssa,Rural,fuelwood,2010,6972286.858,8473725.573,1,,,
MWI,Malawi,ssa,Rural,fuelwood,2011,7087497.738,8617849.718,1,,,
MWI,Malawi,ssa,Rural,fuelwood,2012,7200303.122,8759768.784,1,,,
MWI,Malawi,ssa,Rural,fuelwood,2013,7310917.675,8899750.119,1,,,
MWI,Malawi,ssa,Rural,fuelwood,2014,7419833.94,9038385.678,1,,,
MWI,Malawi,ssa,Rural,fuelwood,2015,7527301.38,9175986.694,1,,,
MWI,Malawi,ssa,Rural,fuelwood,2016,7633069.068,9312282.893,1,,,
MWI,Malawi,ssa,Rural,fuelwood,2017,7736564.798,9446627.309,1,,,
MWI,Malawi,ssa,Rural,fuelwood,2018,7837302.383,9578470.086,1,,,
MWI,Malawi,ssa,Rural,fuelwood,2019,7934710.853,9707159.073,1,,,
MWI,Malawi,ssa,Rural,fuelwood,2020,8028334.613,9832173.451,1,,,
MWI,Malawi,ssa,Rural,fuelwood,2021,8117759.248,9953040.972,1,,,
MWI,Malawi,ssa,Rural,fuelwood,2022,8202812.95,10069568.67,1,,,
MWI,Malawi,ssa,Rural,fuelwood,2023,8283511.876,10181776.61,1,,,
MWI,Malawi,ssa,Rural,fuelwood,2024,8359972.542,10289799.61,1,,,
MWI,Malawi,ssa,Rural,fuelwood,2025,8332736.401,10286217.67,1,,,
MWI,Malawi,ssa,Rural,fuelwood,2026,8296407.108,10273184.23,1,,,
MWI,Malawi,ssa,Rural,fuelwood,2027,8250455.236,10250084.62,1,,,
MWI,Malawi,ssa,Rural,fuelwood,2028,8194230.926,10216155.04,1,,,
MWI,Malawi,ssa,Rural,fuelwood,2029,8127042.643,10170574.22,1,,,
MWI,Malawi,ssa,Rural,fuelwood,2030,8048364.44,10112707.71,1,,,
MWI,Malawi,ssa,Rural,fuelwood,2031,7957943.143,10042235.47,1,,,
MWI,Malawi,ssa,Rural,fuelwood,2032,7855707.787,9959047.973,1,,,
MWI,Malawi,ssa,Rural,fuelwood,2033,7741615.583,9863062.089,1,,,
MWI,Malawi,ssa,Rural,fuelwood,2034,7615757.341,9754341.687,1,,,
MWI,Malawi,ssa,Rural,fuelwood,2035,7479123.022,9634140.69,1,,,
MWI,Malawi,ssa,Rural,fuelwood,2036,7331787.177,9502514.057,1,,,
MWI,Malawi,ssa,Rural,fuelwood,2037,7173704.677,9359389.457,1,,,
MWI,Malawi,ssa,Rural,fuelwood,2038,7004898.105,9204775.268,1,,,
MWI,Malawi,ssa,Rural,fuelwood,2039,6825408.343,9038699.895,1,,,
MWI,Malawi,ssa,Rural,fuelwood,2040,6635307.445,8861225.525,1,,,
MWI,Malawi,ssa,Rural,fuelwood,2041,6434679.447,8672423.28,1,,,
MWI,Malawi,ssa,Rural,fuelwood,2042,6223626.345,8472381.669,1,,,
MWI,Malawi,ssa,Rural,fuelwood,2043,6002258.536,8261196.413,1,,,
MWI,Malawi,ssa,Rural,fuelwood,2044,5770706.523,8038983.278,1,,,
MWI,Malawi,ssa,Rural,fuelwood,2045,5529148.585,7805911.946,1,,,
MWI,Malawi,ssa,Rural,fuelwood,2046,5277794.357,7562185.992,1,,,
MWI,Malawi,ssa,Rural,fuelwood,2047,5016899.079,7308061.062,1,,,
MWI,Malawi,ssa,Rural,fuelwood,2048,4746752.62,7043833.027,1,,,
MWI,Malawi,ssa,Rural,fuelwood,2049,4467670.496,6769826.41,1,,,
MWI,Malawi,ssa,Rural,fuelwood,2050,4179975.153,6486371.341,1,,,
MWI,Malawi,ssa,Rural,charcoal,2010,75739.67033,81798.84396,1,,,
MWI,Malawi,ssa,Rural,charcoal,2011,199768.1353,215749.5861,1,,,
MWI,Malawi,ssa,Rural,charcoal,2012,330729.1657,357187.4989,1,,,
MWI,Malawi,ssa,Rural,charcoal,2013,468766.8527,506268.201,1,,,
MWI,Malawi,ssa,Rural,charcoal,2014,614070.8268,663196.4929,1,,,
MWI,Malawi,ssa,Rural,charcoal,2015,766851.1731,828199.2669,1,,,
MWI,Malawi,ssa,Rural,charcoal,2016,927286.2501,1001469.15,1,,,
MWI,Malawi,ssa,Rural,charcoal,2017,1095499.611,1183139.58,1,,,
MWI,Malawi,ssa,Rural,charcoal,2018,1271592.303,1373319.688,1,,,
MWI,Malawi,ssa,Rural,charcoal,2019,1455618.216,1572067.673,1,,,
MWI,Malawi,ssa,Rural,charcoal,2020,1647613.784,1779422.886,1,,,
MWI,Malawi,ssa,Rural,charcoal,2021,1847591.181,1995398.475,1,,,
MWI,Malawi,ssa,Rural,charcoal,2022,2055591.192,2220038.487,1,,,
MWI,Malawi,ssa,Rural,charcoal,2023,2271694.636,2453430.207,1,,,
MWI,Malawi,ssa,Rural,charcoal,2024,2496018.247,2695699.707,1,,,
MWI,Malawi,ssa,Rural,charcoal,2025,2854030.896,3082353.368,1,,,
MWI,Malawi,ssa,Rural,charcoal,2026,3226092.092,3484179.46,1,,,
MWI,Malawi,ssa,Rural,charcoal,2027,3612119.147,3901088.679,1,,,
MWI,Malawi,ssa,Rural,charcoal,2028,4011878.005,4332828.245,1,,,
MWI,Malawi,ssa,Rural,charcoal,2029,4424979.299,4778977.643,1,,,
MWI,Malawi,ssa,Rural,charcoal,2030,4850970.756,5239048.416,1,,,
MWI,Malawi,ssa,Rural,charcoal,2031,5289433.927,5712588.641,1,,,
MWI,Malawi,ssa,Rural,charcoal,2032,5739983.889,6199182.601,1,,,
MWI,Malawi,ssa,Rural,charcoal,2033,6202193.177,6698368.631,1,,,
MWI,Malawi,ssa,Rural,charcoal,2034,6675683.409,7209738.082,1,,,
MWI,Malawi,ssa,Rural,charcoal,2035,7160899.953,7733771.949,1,,,
MWI,Malawi,ssa,Rural,charcoal,2036,7657600.79,8270208.853,1,,,
MWI,Malawi,ssa,Rural,charcoal,2037,8165385.543,8818616.387,1,,,
MWI,Malawi,ssa,Rural,charcoal,2038,8683862.564,9378571.569,1,,,
MWI,Malawi,ssa,Rural,charcoal,2039,9212603.523,9949611.805,1,,,
MWI,Malawi,ssa,Rural,charcoal,2040,9751159.672,10531252.45,1,,,
MWI,Malawi,ssa,Rural,charcoal,2041,10299036.17,11122959.06,1,,,
MWI,Malawi,ssa,Rural,charcoal,2042,10855695.21,11724150.83,1,,,
MWI,Malawi,ssa,Rural,charcoal,2043,11420533.09,12334175.73,1,,,
MWI,Malawi,ssa,Rural,charcoal,2044,11992889.74,12952320.92,1,,,
MWI,Malawi,ssa,Rural,charcoal,2045,12572103.41,13577871.69,1,,,
MWI,Malawi,ssa,Rural,charcoal,2046,13157488.67,14210087.76,1,,,
MWI,Malawi,ssa,Rural,charcoal,2047,13748381.47,14848251.99,1,,,
MWI,Malawi,ssa,Rural,charcoal,2048,14344134.57,15491665.34,1,,,
MWI,Malawi,ssa,Rural,charcoal,2049,14944110.93,16139639.81,1,,,
MWI,Malawi,ssa,Rural,charcoal,2050,15547632.01,16791442.57,1,,,
MWI,Malawi,ssa,Rural,Imp_fuelwood,2010,0,0,1,,,
MWI,Malawi,ssa,Rural,Imp_fuelwood,2011,0,0,1,,,
MWI,Malawi,ssa,Rural,Imp_fuelwood,2012,0,0,1,,,
MWI,Malawi,ssa,Rural,Imp_fuelwood,2013,0,0,1,,,
MWI,Malawi,ssa,Rural,Imp_fuelwood,2014,0,0,1,,,
MWI,Malawi,ssa,Rural,Imp_fuelwood,2015,0,0,1,,,
MWI,Malawi,ssa,Rural,Imp_fuelwood,2016,0,0,1,,,
MWI,Malawi,ssa,Rural,Imp_fuelwood,2017,0,0,1,,,
MWI,Malawi,ssa,Rural,Imp_fuelwood,2018,0,0,1,,,
MWI,Malawi,ssa,Rural,Imp_fuelwood,2019,0,0,1,,,
MWI,Malawi,ssa,Rural,Imp_fuelwood,2020,0,0,1,,,
MWI,Malawi,ssa,Rural,Imp_fuelwood,2021,0,0,1,,,
MWI,Malawi,ssa,Rural,Imp_fuelwood,2022,0,0,1,,,
MWI,Malawi,ssa,Rural,Imp_fuelwood,2023,0,0,1,,,
MWI,Malawi,ssa,Rural,Imp_fuelwood,2024,0,0,1,,,
MWI,Malawi,ssa,Rural,Imp_fuelwood,2025,0,0,1,,,
MWI,Malawi,ssa,Rural,Imp_fuelwood,2026,0,0,1,,,
MWI,Malawi,ssa,Rural,Imp_fuelwood,2027,0,0,1,,,
MWI,Malawi,ssa,Rural,Imp_fuelwood,2028,0,0,1,,,
MWI,Malawi,ssa,Rural,Imp_fuelwood,2029,0,0,1,,,
MWI,Malawi,ssa,Rural,Imp_fuelwood,2030,0,0,1,,,
MWI,Malawi,ssa,Rural,Imp_fuelwood,2031,0,0,1,,,
MWI,Malawi,ssa,Rural,Imp_fuelwood,2032,0,0,1,,,
MWI,Malawi,ssa,Rural,Imp_fuelwood,2033,0,0,1,,,
MWI,Malawi,ssa,Rural,Imp_fuelwood,2034,0,0,1,,,
MWI,Malawi,ssa,Rural,Imp_fuelwood,2035,0,0,1,,,
MWI,Malawi,ssa,Rural,Imp_fuelwood,2036,0,0,1,,,
MWI,Malawi,ssa,Rural,Imp_fuelwood,2037,0,0,1,,,
MWI,Malawi,ssa,Rural,Imp_fuelwood,2038,0,0,1,,,
MWI,Malawi,ssa,Rural,Imp_fuelwood,2039,0,0,1,,,
MWI,Malawi,ssa,Rural,Imp_fuelwood,2040,0,0,1,,,
MWI,Malawi,ssa,Rural,Imp_fuelwood,2041,0,0,1,,,
MWI,Malawi,ssa,Rural,Imp_fuelwood,2042,0,0,1,,,
MWI,Malawi,ssa,Rural,Imp_fuelwood,2043,0,0,1,,,
MWI,Malawi,ssa,Rural,Imp_fuelwood,2044,0,0,1,,,
MWI,Malawi,ssa,Rural,Imp_fuelwood,2045,0,0,1,,,
MWI,Malawi,ssa,Rural,Imp_fuelwood,2046,0,0,1,,,
MWI,Malawi,ssa,Rural,Imp_fuelwood,2047,0,0,1,,,
MWI,Malawi,ssa,Rural,Imp_fuelwood,2048,0,0,1,,,
MWI,Malawi,ssa,Rural,Imp_fuelwood,2049,0,0,1,,,
MWI,Malawi,ssa,Rural,Imp_fuelwood,2050,0,0,1,,,
MWI,Malawi,ssa,Rural,Imp_charcoal,2010,0,0,1,,,
MWI,Malawi,ssa,Rural,Imp_charcoal,2011,0,0,1,,,
MWI,Malawi,ssa,Rural,Imp_charcoal,2012,0,0,1,,,
MWI,Malawi,ssa,Rural,Imp_charcoal,2013,0,0,1,,,
MWI,Malawi,ssa,Rural,Imp_charcoal,2014,0,0,1,,,
MWI,Malawi,ssa,Rural,Imp_charcoal,2015,0,0,1,,,
MWI,Malawi,ssa,Rural,Imp_charcoal,2016,0,0,1,,,
MWI,Malawi,ssa,Rural,Imp_charcoal,2017,0,0,1,,,
MWI,Malawi,ssa,Rural,Imp_charcoal,2018,0,0,1,,,
MWI,Malawi,ssa,Rural,Imp_charcoal,2019,0,0,1,,,
MWI,Malawi,ssa,Rural,Imp_charcoal,2020,0,0,1,,,
MWI,Malawi,ssa,Rural,Imp_charcoal,2021,0,0,1,,,
MWI,Malawi,ssa,Rural,Imp_charcoal,2022,0,0,1,,,
MWI,Malawi,ssa,Rural,Imp_charcoal,2023,0,0,1,,,
MWI,Malawi,ssa,Rural,Imp_charcoal,2024,0,0,1,,,
MWI,Malawi,ssa,Rural,Imp_charcoal,2025,0,0,1,,,
MWI,Malawi,ssa,Rural,Imp_charcoal,2026,0,0,1,,,
MWI,Malawi,ssa,Rural,Imp_charcoal,2027,0,0,1,,,
MWI,Malawi,ssa,Rural,Imp_charcoal,2028,0,0,1,,,
MWI,Malawi,ssa,Rural,Imp_charcoal,2029,0,0,1,,,
MWI,Malawi,ssa,Rural,Imp_charcoal,2030,0,0,1,,,
MWI,Malawi,ssa,Rural,Imp_charcoal,2031,0,0,1,,,
MWI,Malawi,ssa,Rural,Imp_charcoal,2032,0,0,1,,,
MWI,Malawi,ssa,Rural,Imp_charcoal,2033,0,0,1,,,
MWI,Malawi,ssa,Rural,Imp_charcoal,2034,0,0,1,,,
MWI,Malawi,ssa,Rural,Imp_charcoal,2035,0,0,1,,,
MWI,Malawi,ssa,Rural,Imp_charcoal,2036,0,0,1,,,
MWI,Malawi,ssa,Rural,Imp_charcoal,2037,0,0,1,,,
MWI,Malawi,ssa,Rural,Imp_charcoal,2038,0,0,1,,,
MWI,Malawi,ssa,Rural,Imp_charcoal,2039,0,0,1,,,
MWI,Malawi,ssa,Rural,Imp_charcoal,2040,0,0,1,,,
MWI,Malawi,ssa,Rural,Imp_charcoal,2041,0,0,1,,,
MWI,Malawi,ssa,Rural,Imp_charcoal,2042,0,0,1,,,
MWI,Malawi,ssa,Rural,Imp_charcoal,2043,0,0,1,,,
MWI,Malawi,ssa,Rural,Imp_charcoal,2044,0,0,1,,,
MWI,Malawi,ssa,Rural,Imp_charcoal,2045,0,0,1,,,
MWI,Malawi,ssa,Rural,Imp_charcoal,2046,0,0,1,,,
MWI,Malawi,ssa,Rural,Imp_charcoal,2047,0,0,1,,,
MWI,Malawi,ssa,Rural,Imp_charcoal,2048,0,0,1,,,
MWI,Malawi,ssa,Rural,Imp_charcoal,2049,0,0,1,,,
MWI,Malawi,ssa,Rural,Imp_charcoal,2050,0,0,1,,,
MWI,Malawi,ssa,Rural,gas,2010,72.86249136,72.86249136,1,,,
MWI,Malawi,ssa,Rural,gas,2011,72.91697971,72.91697971,1,,,
MWI,Malawi,ssa,Rural,gas,2012,72.88117908,72.88117908,1,,,
MWI,Malawi,ssa,Rural,gas,2013,72.75600553,72.75600553,1,,,
MWI,Malawi,ssa,Rural,gas,2014,72.54488097,72.54488097,1,,,
MWI,Malawi,ssa,Rural,gas,2015,72.24847081,72.24847081,1,,,
MWI,Malawi,ssa,Rural,gas,2016,71.86245739,71.86245739,1,,,
MWI,Malawi,ssa,Rural,gas,2017,71.37964602,71.37964602,1,,,
MWI,Malawi,ssa,Rural,gas,2018,70.7939604,70.7939604,1,,,
MWI,Malawi,ssa,Rural,gas,2019,70.0988711,70.0988711,1,,,
MWI,Malawi,ssa,Rural,gas,2020,69.28922957,69.28922957,1,,,
MWI,Malawi,ssa,Rural,gas,2021,68.36054891,68.36054891,1,,,
MWI,Malawi,ssa,Rural,gas,2022,67.31063438,67.31063438,1,,,
MWI,Malawi,ssa,Rural,gas,2023,66.13889977,66.13889977,1,,,
MWI,Malawi,ssa,Rural,gas,2024,64.84548165,64.84548165,1,,,
MWI,Malawi,ssa,Rural,gas,2025,63.80403224,63.80403224,1,,,
MWI,Malawi,ssa,Rural,gas,2026,62.65404122,62.65404122,1,,,
MWI,Malawi,ssa,Rural,gas,2027,61.39123107,61.39123107,1,,,
MWI,Malawi,ssa,Rural,gas,2028,60.01065181,60.01065181,1,,,
MWI,Malawi,ssa,Rural,gas,2029,58.50735414,58.50735414,1,,,
MWI,Malawi,ssa,Rural,gas,2030,56.87792789,56.87792789,1,,,
MWI,Malawi,ssa,Rural,gas,2031,55.12118666,55.12118666,1,,,
MWI,Malawi,ssa,Rural,gas,2032,53.23740474,53.23740474,1,,,
MWI,Malawi,ssa,Rural,gas,2033,51.22719048,51.22719048,1,,,
MWI,Malawi,ssa,Rural,gas,2034,49.09216766,49.09216766,1,,,
MWI,Malawi,ssa,Rural,gas,2035,46.83967545,46.83967545,1,,,
MWI,Malawi,ssa,Rural,gas,2036,44.47089132,44.47089132,1,,,
MWI,Malawi,ssa,Rural,gas,2037,41.98634247,41.98634247,1,,,
MWI,Malawi,ssa,Rural,gas,2038,39.38710738,39.38710738,1,,,
MWI,Malawi,ssa,Rural,gas,2039,36.67450201,36.67450201,1,,,
MWI,Malawi,ssa,Rural,gas,2040,33.85015152,33.85015152,1,,,
MWI,Malawi,ssa,Rural,gas,2041,30.91588665,30.91588665,1,,,
MWI,Malawi,ssa,Rural,gas,2042,27.87378697,27.87378697,1,,,
MWI,Malawi,ssa,Rural,gas,2043,24.72615239,24.72615239,1,,,
MWI,Malawi,ssa,Rural,gas,2044,21.47558011,21.47558011,1,,,
MWI,Malawi,ssa,Rural,gas,2045,18.12507414,18.12507414,1,,,
MWI,Malawi,ssa,Rural,gas,2046,14.67795659,14.67795659,1,,,
MWI,Malawi,ssa,Rural,gas,2047,11.13788568,11.13788568,1,,,
MWI,Malawi,ssa,Rural,gas,2048,7.508773617,7.508773617,1,,,
MWI,Malawi,ssa,Rural,gas,2049,3.794725756,3.794725756,1,,,
MWI,Malawi,ssa,Rural,gas,2050,0,0,1,,,
MWI,Malawi,ssa,Rural,kerosene,2010,0,0,1,,,
MWI,Malawi,ssa,Rural,kerosene,2011,0,0,1,,,
MWI,Malawi,ssa,Rural,kerosene,2012,0,0,1,,,
MWI,Malawi,ssa,Rural,kerosene,2013,0,0,1,,,
MWI,Malawi,ssa,Rural,kerosene,2014,0,0,1,,,
MWI,Malawi,ssa,Rural,kerosene,2015,0,0,1,,,
MWI,Malawi,ssa,Rural,kerosene,2016,0,0,1,,,
MWI,Malawi,ssa,Rural,kerosene,2017,0,0,1,,,
MWI,Malawi,ssa,Rural,kerosene,2018,0,0,1,,,
MWI,Malawi,ssa,Rural,kerosene,2019,0,0,1,,,
MWI,Malawi,ssa,Rural,kerosene,2020,0,0,1,,,
MWI,Malawi,ssa,Rural,kerosene,2021,0,0,1,,,
MWI,Malawi,ssa,Rural,kerosene,2022,0,0,1,,,
MWI,Malawi,ssa,Rural,kerosene,2023,0,0,1,,,
MWI,Malawi,ssa,Rural,kerosene,2024,0,0,1,,,
MWI,Malawi,ssa,Rural,kerosene,2025,0,0,1,,,
MWI,Malawi,ssa,Rural,kerosene,2026,0,0,1,,,
MWI,Malawi,ssa,Rural,kerosene,2027,0,0,1,,,
MWI,Malawi,ssa,Rural,kerosene,2028,0,0,1,,,
MWI,Malawi,ssa,Rural,kerosene,2029,0,0,1,,,
MWI,Malawi,ssa,Rural,kerosene,2030,0,0,1,,,
MWI,Malawi,ssa,Rural,kerosene,2031,0,0,1,,,
MWI,Malawi,ssa,Rural,kerosene,2032,0,0,1,,,
MWI,Malawi,ssa,Rural,kerosene,2033,0,0,1,,,
MWI,Malawi,ssa,Rural,kerosene,2034,0,0,1,,,
MWI,Malawi,ssa,Rural,kerosene,2035,0,0,1,,,
MWI,Malawi,ssa,Rural,kerosene,2036,0,0,1,,,
MWI,Malawi,ssa,Rural,kerosene,2037,0,0,1,,,
MWI,Malawi,ssa,Rural,kerosene,2038,0,0,1,,,
MWI,Malawi,ssa,Rural,kerosene,2039,0,0,1,,,
MWI,Malawi,ssa,Rural,kerosene,2040,0,0,1,,,
MWI,Malawi,ssa,Rural,kerosene,2041,0,0,1,,,
MWI,Malawi,ssa,Rural,kerosene,2042,0,0,1,,,
MWI,Malawi,ssa,Rural,kerosene,2043,0,0,1,,,
MWI,Malawi,ssa,Rural,kerosene,2044,0,0,1,,,
MWI,Malawi,ssa,Rural,kerosene,2045,0,0,1,,,
MWI,Malawi,ssa,Rural,kerosene,2046,0,0,1,,,
MWI,Malawi,ssa,Rural,kerosene,2047,0,0,1,,,
MWI,Malawi,ssa,Rural,kerosene,2048,0,0,1,,,
MWI,Malawi,ssa,Rural,kerosene,2049,0,0,1,,,
MWI,Malawi,ssa,Rural,kerosene,2050,0,0,1,,,
MWI,Malawi,ssa,Rural,electric,2010,17070.36612,17070.36612,1,,,
MWI,Malawi,ssa,Rural,electric,2011,16763.33687,16763.33687,1,,,
MWI,Malawi,ssa,Rural,electric,2012,16417.02936,16417.02936,1,,,
MWI,Malawi,ssa,Rural,electric,2013,16031.28896,16031.28896,1,,,
MWI,Malawi,ssa,Rural,electric,2014,15606.43737,15606.43737,1,,,
MWI,Malawi,ssa,Rural,electric,2015,15142.09033,15142.09033,1,,,
MWI,Malawi,ssa,Rural,electric,2016,14636.76464,14636.76464,1,,,
MWI,Malawi,ssa,Rural,electric,2017,14088.43669,14088.43669,1,,,
MWI,Malawi,ssa,Rural,electric,2018,13495.40597,13495.40597,1,,,
MWI,Malawi,ssa,Rural,electric,2019,12855.98623,12855.98623,1,,,
MWI,Malawi,ssa,Rural,electric,2020,12168.86347,12168.86347,1,,,
MWI,Malawi,ssa,Rural,electric,2021,11432.94304,11432.94304,1,,,
MWI,Malawi,ssa,Rural,electric,2022,10647.59968,10647.59968,1,,,
MWI,Malawi,ssa,Rural,electric,2023,9812.485992,9812.485992,1,,,
MWI,Malawi,ssa,Rural,electric,2024,8927.33321,8927.33321,1,,,
MWI,Malawi,ssa,Rural,electric,2025,8783.955975,8783.955975,1,,,
MWI,Malawi,ssa,Rural,electric,2026,8625.635723,8625.635723,1,,,
MWI,Malawi,ssa,Rural,electric,2027,8451.783563,8451.783563,1,,,
MWI,Malawi,ssa,Rural,electric,2028,8261.718029,8261.718029,1,,,
MWI,Malawi,ssa,Rural,electric,2029,8054.757747,8054.757747,1,,,
MWI,Malawi,ssa,Rural,electric,2030,7830.433234,7830.433234,1,,,
MWI,Malawi,ssa,Rural,electric,2031,7588.581159,7588.581159,1,,,
MWI,Malawi,ssa,Rural,electric,2032,7329.239282,7329.239282,1,,,
MWI,Malawi,ssa,Rural,electric,2033,7052.491356,7052.491356,1,,,
MWI,Malawi,ssa,Rural,electric,2034,6758.56093,6758.56093,1,,,
MWI,Malawi,ssa,Rural,electric,2035,6448.45839,6448.45839,1,,,
MWI,Malawi,ssa,Rural,electric,2036,6122.345842,6122.345842,1,,,
MWI,Malawi,ssa,Rural,electric,2037,5780.295866,5780.295866,1,,,
MWI,Malawi,ssa,Rural,electric,2038,5422.456936,5422.456936,1,,,
MWI,Malawi,ssa,Rural,electric,2039,5049.010223,5049.010223,1,,,
MWI,Malawi,ssa,Rural,electric,2040,4660.179463,4660.179463,1,,,
MWI,Malawi,ssa,Rural,electric,2041,4256.216695,4256.216695,1,,,
MWI,Malawi,ssa,Rural,electric,2042,3837.408217,3837.408217,1,,,
MWI,Malawi,ssa,Rural,electric,2043,3404.070659,3404.070659,1,,,
MWI,Malawi,ssa,Rural,electric,2044,2956.561578,2956.561578,1,,,
MWI,Malawi,ssa,Rural,electric,2045,2495.29454,2495.29454,1,,,
MWI,Malawi,ssa,Rural,electric,2046,2020.726903,2020.726903,1,,,
MWI,Malawi,ssa,Rural,electric,2047,1533.362297,1533.362297,1,,,
MWI,Malawi,ssa,Rural,electric,2048,1033.73932,1033.73932,1,,,
MWI,Malawi,ssa,Rural,electric,2049,522.4231574,522.4231574,1,,,
MWI,Malawi,ssa,Rural,electric,2050,0,0,1,,,
MWI,Malawi,ssa,Rural,pellets,2010,0,0,1,,,
MWI,Malawi,ssa,Rural,pellets,2011,0,0,1,,,
MWI,Malawi,ssa,Rural,pellets,2012,0,0,1,,,
MWI,Malawi,ssa,Rural,pellets,2013,0,0,1,,,
MWI,Malawi,ssa,Rural,pellets,2014,0,0,1,,,
MWI,Malawi,ssa,Rural,pellets,2015,0,0,1,,,
MWI,Malawi,ssa,Rural,pellets,2016,0,0,1,,,
MWI,Malawi,ssa,Rural,pellets,2017,0,0,1,,,
MWI,Malawi,ssa,Rural,pellets,2018,0,0,1,,,
MWI,Malawi,ssa,Rural,pellets,2019,0,0,1,,,
MWI,Malawi,ssa,Rural,pellets,2020,0,0,1,,,
MWI,Malawi,ssa,Rural,pellets,2021,0,0,1,,,
MWI,Malawi,ssa,Rural,pellets,2022,0,0,1,,,
MWI,Malawi,ssa,Rural,pellets,2023,0,0,1,,,
MWI,Malawi,ssa,Rural,pellets,2024,0,0,1,,,
MWI,Malawi,ssa,Rural,pellets,2025,0,0,1,,,
MWI,Malawi,ssa,Rural,pellets,2026,0,0,1,,,
MWI,Malawi,ssa,Rural,pellets,2027,0,0,1,,,
MWI,Malawi,ssa,Rural,pellets,2028,0,0,1,,,
MWI,Malawi,ssa,Rural,pellets,2029,0,0,1,,,
MWI,Malawi,ssa,Rural,pellets,2030,0,0,1,,,
MWI,Malawi,ssa,Rural,pellets,2031,0,0,1,,,
MWI,Malawi,ssa,Rural,pellets,2032,0,0,1,,,
MWI,Malawi,ssa,Rural,pellets,2033,0,0,1,,,
MWI,Malawi,ssa,Rural,pellets,2034,0,0,1,,,
MWI,Malawi,ssa,Rural,pellets,2035,0,0,1,,,
MWI,Malawi,ssa,Rural,pellets,2036,0,0,1,,,
MWI,Malawi,ssa,Rural,pellets,2037,0,0,1,,,
MWI,Malawi,ssa,Rural,pellets,2038,0,0,1,,,
MWI,Malawi,ssa,Rural,pellets,2039,0,0,1,,,
MWI,Malawi,ssa,Rural,pellets,2040,0,0,1,,,
MWI,Malawi,ssa,Rural,pellets,2041,0,0,1,,,
MWI,Malawi,ssa,Rural,pellets,2042,0,0,1,,,
MWI,Malawi,ssa,Rural,pellets,2043,0,0,1,,,
MWI,Malawi,ssa,Rural,pellets,2044,0,0,1,,,
MWI,Malawi,ssa,Rural,pellets,2045,0,0,1,,,
MWI,Malawi,ssa,Rural,pellets,2046,0,0,1,,,
MWI,Malawi,ssa,Rural,pellets,2047,0,0,1,,,
MWI,Malawi,ssa,Rural,pellets,2048,0,0,1,,,
MWI,Malawi,ssa,Rural,pellets,2049,0,0,1,,,
MWI,Malawi,ssa,Rural,pellets,2050,0,0,1,,,
MWI,Malawi,ssa,Rural,ethanol,2010,0,0,1,,,
MWI,Malawi,ssa,Rural,ethanol,2011,0,0,1,,,
MWI,Malawi,ssa,Rural,ethanol,2012,0,0,1,,,
MWI,Malawi,ssa,Rural,ethanol,2013,0,0,1,,,
MWI,Malawi,ssa,Rural,ethanol,2014,0,0,1,,,
MWI,Malawi,ssa,Rural,ethanol,2015,0,0,1,,,
MWI,Malawi,ssa,Rural,ethanol,2016,0,0,1,,,
MWI,Malawi,ssa,Rural,ethanol,2017,0,0,1,,,
MWI,Malawi,ssa,Rural,ethanol,2018,0,0,1,,,
MWI,Malawi,ssa,Rural,ethanol,2019,0,0,1,,,
MWI,Malawi,ssa,Rural,ethanol,2020,0,0,1,,,
MWI,Malawi,ssa,Rural,ethanol,2021,0,0,1,,,
MWI,Malawi,ssa,Rural,ethanol,2022,0,0,1,,,
MWI,Malawi,ssa,Rural,ethanol,2023,0,0,1,,,
MWI,Malawi,ssa,Rural,ethanol,2024,0,0,1,,,
MWI,Malawi,ssa,Rural,ethanol,2025,0,0,1,,,
MWI,Malawi,ssa,Rural,ethanol,2026,0,0,1,,,
MWI,Malawi,ssa,Rural,ethanol,2027,0,0,1,,,
MWI,Malawi,ssa,Rural,ethanol,2028,0,0,1,,,
MWI,Malawi,ssa,Rural,ethanol,2029,0,0,1,,,
MWI,Malawi,ssa,Rural,ethanol,2030,0,0,1,,,
MWI,Malawi,ssa,Rural,ethanol,2031,0,0,1,,,
MWI,Malawi,ssa,Rural,ethanol,2032,0,0,1,,,
MWI,Malawi,ssa,Rural,ethanol,2033,0,0,1,,,
MWI,Malawi,ssa,Rural,ethanol,2034,0,0,1,,,
MWI,Malawi,ssa,Rural,ethanol,2035,0,0,1,,,
MWI,Malawi,ssa,Rural,ethanol,2036,0,0,1,,,
MWI,Malawi,ssa,Rural,ethanol,2037,0,0,1,,,
MWI,Malawi,ssa,Rural,ethanol,2038,0,0,1,,,
MWI,Malawi,ssa,Rural,ethanol,2039,0,0,1,,,
MWI,Malawi,ssa,Rural,ethanol,2040,0,0,1,,,
MWI,Malawi,ssa,Rural,ethanol,2041,0,0,1,,,
MWI,Malawi,ssa,Rural,ethanol,2042,0,0,1,,,
MWI,Malawi,ssa,Rural,ethanol,2043,0,0,1,,,
MWI,Malawi,ssa,Rural,ethanol,2044,0,0,1,,,
MWI,Malawi,ssa,Rural,ethanol,2045,0,0,1,,,
MWI,Malawi,ssa,Rural,ethanol,2046,0,0,1,,,
MWI,Malawi,ssa,Rural,ethanol,2047,0,0,1,,,
MWI,Malawi,ssa,Rural,ethanol,2048,0,0,1,,,
MWI,Malawi,ssa,Rural,ethanol,2049,0,0,1,,,
MWI,Malawi,ssa,Rural,ethanol,2050,0,0,1,,,
MWI,Malawi,ssa,Rural,biogas,2010,0,0,1,,,
MWI,Malawi,ssa,Rural,biogas,2011,0,0,1,,,
MWI,Malawi,ssa,Rural,biogas,2012,0,0,1,,,
MWI,Malawi,ssa,Rural,biogas,2013,0,0,1,,,
MWI,Malawi,ssa,Rural,biogas,2014,0,0,1,,,
MWI,Malawi,ssa,Rural,biogas,2015,0,0,1,,,
MWI,Malawi,ssa,Rural,biogas,2016,0,0,1,,,
MWI,Malawi,ssa,Rural,biogas,2017,0,0,1,,,
MWI,Malawi,ssa,Rural,biogas,2018,0,0,1,,,
MWI,Malawi,ssa,Rural,biogas,2019,0,0,1,,,
MWI,Malawi,ssa,Rural,biogas,2020,0,0,1,,,
MWI,Malawi,ssa,Rural,biogas,2021,0,0,1,,,
MWI,Malawi,ssa,Rural,biogas,2022,0,0,1,,,
MWI,Malawi,ssa,Rural,biogas,2023,0,0,1,,,
MWI,Malawi,ssa,Rural,biogas,2024,0,0,1,,,
MWI,Malawi,ssa,Rural,biogas,2025,0,0,1,,,
MWI,Malawi,ssa,Rural,biogas,2026,0,0,1,,,
MWI,Malawi,ssa,Rural,biogas,2027,0,0,1,,,
MWI,Malawi,ssa,Rural,biogas,2028,0,0,1,,,
MWI,Malawi,ssa,Rural,biogas,2029,0,0,1,,,
MWI,Malawi,ssa,Rural,biogas,2030,0,0,1,,,
MWI,Malawi,ssa,Rural,biogas,2031,0,0,1,,,
MWI,Malawi,ssa,Rural,biogas,2032,0,0,1,,,
MWI,Malawi,ssa,Rural,biogas,2033,0,0,1,,,
MWI,Malawi,ssa,Rural,biogas,2034,0,0,1,,,
MWI,Malawi,ssa,Rural,biogas,2035,0,0,1,,,
MWI,Malawi,ssa,Rural,biogas,2036,0,0,1,,,
MWI,Malawi,ssa,Rural,biogas,2037,0,0,1,,,
MWI,Malawi,ssa,Rural,biogas,2038,0,0,1,,,
MWI,Malawi,ssa,Rural,biogas,2039,0,0,1,,,
MWI,Malawi,ssa,Rural,biogas,2040,0,0,1,,,
MWI,Malawi,ssa,Rural,biogas,2041,0,0,1,,,
MWI,Malawi,ssa,Rural,biogas,2042,0,0,1,,,
MWI,Malawi,ssa,Rural,biogas,2043,0,0,1,,,
MWI,Malawi,ssa,Rural,biogas,2044,0,0,1,,,
MWI,Malawi,ssa,Rural,biogas,2045,0,0,1,,,
MWI,Malawi,ssa,Rural,biogas,2046,0,0,1,,,
MWI,Malawi,ssa,Rural,biogas,2047,0,0,1,,,
MWI,Malawi,ssa,Rural,biogas,2048,0,0,1,,,
MWI,Malawi,ssa,Rural,biogas,2049,0,0,1,,,
MWI,Malawi,ssa,Rural,biogas,2050,0,0,1,,,
MWI,Malawi,ssa,Rural,other,2010,0,0,1,,,
MWI,Malawi,ssa,Rural,other,2011,0,0,1,,,
MWI,Malawi,ssa,Rural,other,2012,0,0,1,,,
MWI,Malawi,ssa,Rural,other,2013,0,0,1,,,
MWI,Malawi,ssa,Rural,other,2014,0,0,1,,,
MWI,Malawi,ssa,Rural,other,2015,0,0,1,,,
MWI,Malawi,ssa,Rural,other,2016,0,0,1,,,
MWI,Malawi,ssa,Rural,other,2017,0,0,1,,,
MWI,Malawi,ssa,Rural,other,2018,0,0,1,,,
MWI,Malawi,ssa,Rural,other,2019,0,0,1,,,
MWI,Malawi,ssa,Rural,other,2020,0,0,1,,,
MWI,Malawi,ssa,Rural,other,2021,0,0,1,,,
MWI,Malawi,ssa,Rural,other,2022,0,0,1,,,
MWI,Malawi,ssa,Rural,other,2023,0,0,1,,,
MWI,Malawi,ssa,Rural,other,2024,0,0,1,,,
MWI,Malawi,ssa,Rural,other,2025,0,0,1,,,
MWI,Malawi,ssa,Rural,other,2026,0,0,1,,,
MWI,Malawi,ssa,Rural,other,2027,0,0,1,,,
MWI,Malawi,ssa,Rural,other,2028,0,0,1,,,
MWI,Malawi,ssa,Rural,other,2029,0,0,1,,,
MWI,Malawi,ssa,Rural,other,2030,0,0,1,,,
MWI,Malawi,ssa,Rural,other,2031,0,0,1,,,
MWI,Malawi,ssa,Rural,other,2032,0,0,1,,,
MWI,Malawi,ssa,Rural,other,2033,0,0,1,,,
MWI,Malawi,ssa,Rural,other,2034,0,0,1,,,
MWI,Malawi,ssa,Rural,other,2035,0,0,1,,,
MWI,Malawi,ssa,Rural,other,2036,0,0,1,,,
MWI,Malawi,ssa,Rural,other,2037,0,0,1,,,
MWI,Malawi,ssa,Rural,other,2038,0,0,1,,,
MWI,Malawi,ssa,Rural,other,2039,0,0,1,,,
MWI,Malawi,ssa,Rural,other,2040,0,0,1,,,
MWI,Malawi,ssa,Rural,other,2041,0,0,1,,,
MWI,Malawi,ssa,Rural,other,2042,0,0,1,,,
MWI,Malawi,ssa,Rural,other,2043,0,0,1,,,
MWI,Malawi,ssa,Rural,other,2044,0,0,1,,,
MWI,Malawi,ssa,Rural,other,2045,0,0,1,,,
MWI,Malawi,ssa,Rural,other,2046,0,0,1,,,
MWI,Malawi,ssa,Rural,other,2047,0,0,1,,,
MWI,Malawi,ssa,Rural,other,2048,0,0,1,,,
MWI,Malawi,ssa,Rural,other,2049,0,0,1,,,
MWI,Malawi,ssa,Rural,other,2050,0,0,1,,,